Secret key name,Consumed API,Consumed model,Amount spent,Amount After Voucher,Input usage quantity,Output usage quantity,Total usage quantity,Consumption time(UTC),Consumption status
coding_plan,cache-read(Text API),MiniMax-M2.5-highspeed,0.0000,0.0000,6178202,0,6178202,2026-03-12 23:00-24:00,SUCCESS
coding_plan,cache-read(Text API),MiniMax-M2.5,0.0000,0.0000,157925,0,157925,2026-03-12 23:00-24:00,SUCCESS
coding_plan,chatcompletion-v2(Text API),MiniMax-M2.5-highspeed,0.0000,0.0000,257063,24806,281869,2026-03-12 23:00-24:00,SUCCESS
coding_plan,chatcompletion-v2(Text API),MiniMax-M2,0.0000,0.0000,2247799,13675,2261474,2026-03-12 23:00-24:00,SUCCESS
coding_plan,chatcompletion-v2(Text API),MiniMax-M2.5,0.0000,0.0000,28839,2684,31523,2026-03-12 23:00-24:00,SUCCESS
coding_plan,cache-read(Text API),MiniMax-M2.5-highspeed,0.0000,0.0000,5867592,0,5867592,2026-03-12 22:00-23:00,SUCCESS
coding_plan,cache-read(Text API),MiniMax-M2.5,0.0000,0.0000,517072,0,517072,2026-03-12 22:00-23:00,SUCCESS
coding_plan,chatcompletion-v2(Text API),MiniMax-M2.5-highspeed,0.0000,0.0000,126411,15992,142403,2026-03-12 22:00-23:00,SUCCESS
coding_plan,chatcompletion-v2(Text API),MiniMax-M2,0.0000,0.0000,953202,2657,955859,2026-03-12 22:00-23:00,SUCCESS
coding_plan,chatcompletion-v2(Text API),MiniMax-M2.5,0.0000,0.0000,80984,3208,84192,2026-03-12 22:00-23:00,SUCCESS
coding_plan,cache-read(Text API),MiniMax-M2.5-highspeed,0.0000,0.0000,4346999,0,4346999,2026-03-12 21:00-22:00,SUCCESS
coding_plan,cache-read(Text API),MiniMax-M2.5,0.0000,0.0000,760495,0,760495,2026-03-12 21:00-22:00,SUCCESS
coding_plan,chatcompletion-v2(Text API),MiniMax-M2.5-highspeed,0.0000,0.0000,532241,5529,537770,2026-03-12 21:00-22:00,SUCCESS
coding_plan,chatcompletion-v2(Text API),MiniMax-M2,0.0000,0.0000,2602534,5526,2608060,2026-03-12 21:00-22:00,SUCCESS
coding_plan,chatcompletion-v2(Text API),MiniMax-M2.5,0.0000,0.0000,52189,3317,55506,2026-03-12 21:00-22:00,SUCCESS
coding_plan,cache-read(Text API),MiniMax-M2.5,0.0000,0.0000,132584,0,132584,2026-03-12 20:00-21:00,SUCCESS
coding_plan,chatcompletion-v2(Text API),MiniMax-M2,0.0000,0.0000,985701,473,986174,2026-03-12 20:00-21:00,SUCCESS
coding_plan,chatcompletion-v2(Text API),MiniMax-M2.5,0.0000,0.0000,26204,1717,27921,2026-03-12 20:00-21:00,SUCCESS
coding_plan,cache-read(Text API),MiniMax-M2.5,0.0000,0.0000,458948,0,458948,2026-03-12 19:00-20:00,SUCCESS
coding_plan,chatcompletion-v2(Text API),MiniMax-M2,0.0000,0.0000,2213396,10405,2223801,2026-03-12 19:00-20:00,SUCCESS
coding_plan,chatcompletion-v2(Text API),MiniMax-M2.5,0.0000,0.0000,46508,3906,50414,2026-03-12 19:00-20:00,SUCCESS
coding_plan,cache-read(Text API),MiniMax-M2.5-highspeed,0.0000,0.0000,2362355,0,2362355,2026-03-12 18:00-19:00,SUCCESS
coding_plan,cache-read(Text API),MiniMax-M2.1,0.0000,0.0000,89838,0,89838,2026-03-12 18:00-19:00,SUCCESS
coding_plan,cache-read(Text API),MiniMax-M2.5,0.0000,0.0000,187106,0,187106,2026-03-12 18:00-19:00,SUCCESS
coding_plan,chatcompletion-v2(Text API),MiniMax-M2.5-highspeed,0.0000,0.0000,739795,3884,743679,2026-03-12 18:00-19:00,SUCCESS
coding_plan,chatcompletion-v2(Text API),MiniMax-M2,0.0000,0.0000,1547330,775,1548105,2026-03-12 18:00-19:00,SUCCESS
coding_plan,chatcompletion-v2(Text API),MiniMax-M2.1,0.0000,0.0000,25129,634,25763,2026-03-12 18:00-19:00,SUCCESS
coding_plan,chatcompletion-v2(Text API),MiniMax-M2.5,0.0000,0.0000,26136,2870,29006,2026-03-12 18:00-19:00,SUCCESS
coding_plan,cache-read(Text API),MiniMax-M2.5-highspeed,0.0000,0.0000,3587325,0,3587325,2026-03-12 17:00-18:00,SUCCESS
coding_plan,cache-read(Text API),MiniMax-M2.1,0.0000,0.0000,73201,0,73201,2026-03-12 17:00-18:00,SUCCESS
coding_plan,cache-read(Text API),MiniMax-M2.5,0.0000,0.0000,466116,0,466116,2026-03-12 17:00-18:00,SUCCESS
coding_plan,chatcompletion-v2(Text API),MiniMax-M2.5-highspeed,0.0000,0.0000,3623282,8424,3631706,2026-03-12 17:00-18:00,SUCCESS
coding_plan,chatcompletion-v2(Text API),MiniMax-M2,0.0000,0.0000,2846700,8801,2855501,2026-03-12 17:00-18:00,SUCCESS
coding_plan,chatcompletion-v2(Text API),MiniMax-M2.1,0.0000,0.0000,25641,624,26265,2026-03-12 17:00-18:00,SUCCESS
coding_plan,chatcompletion-v2(Text API),MiniMax-M2.5,0.0000,0.0000,43669,3303,46972,2026-03-12 17:00-18:00,SUCCESS
coding_plan,cache-read(Text API),MiniMax-M2.5-highspeed,0.0000,0.0000,312135,0,312135,2026-03-12 16:00-17:00,SUCCESS
coding_plan,cache-read(Text API),MiniMax-M2.1,0.0000,0.0000,66801,0,66801,2026-03-12 16:00-17:00,SUCCESS
coding_plan,cache-read(Text API),MiniMax-M2.5,0.0000,0.0000,861338,0,861338,2026-03-12 16:00-17:00,SUCCESS
coding_plan,chatcompletion-v2(Text API),MiniMax-M2.5-highspeed,0.0000,0.0000,327693,749,328442,2026-03-12 16:00-17:00,SUCCESS
coding_plan,chatcompletion-v2(Text API),MiniMax-M2,0.0000,0.0000,827182,448,827630,2026-03-12 16:00-17:00,SUCCESS
coding_plan,chatcompletion-v2(Text API),MiniMax-M2.1,0.0000,0.0000,16871,767,17638,2026-03-12 16:00-17:00,SUCCESS
coding_plan,chatcompletion-v2(Text API),MiniMax-M2.5,0.0000,0.0000,45937,5000,50937,2026-03-12 16:00-17:00,SUCCESS
coding_plan,cache-read(Text API),MiniMax-M2.5-highspeed,0.0000,0.0000,2528934,0,2528934,2026-03-12 15:00-16:00,SUCCESS
coding_plan,cache-read(Text API),MiniMax-M2.1,0.0000,0.0000,73713,0,73713,2026-03-12 15:00-16:00,SUCCESS
coding_plan,cache-read(Text API),MiniMax-M2.5,0.0000,0.0000,499652,0,499652,2026-03-12 15:00-16:00,SUCCESS
coding_plan,chatcompletion-v2(Text API),MiniMax-M2.5-highspeed,0.0000,0.0000,449209,6411,455620,2026-03-12 15:00-16:00,SUCCESS
coding_plan,chatcompletion-v2(Text API),MiniMax-M2,0.0000,0.0000,714012,6905,720917,2026-03-12 15:00-16:00,SUCCESS
coding_plan,chatcompletion-v2(Text API),MiniMax-M2.1,0.0000,0.0000,24586,597,25183,2026-03-12 15:00-16:00,SUCCESS
coding_plan,chatcompletion-v2(Text API),MiniMax-M2.5,0.0000,0.0000,42354,3525,45879,2026-03-12 15:00-16:00,SUCCESS
coding_plan,cache-read(Text API),MiniMax-M2.5-highspeed,0.0000,0.0000,7389460,0,7389460,2026-03-12 14:00-15:00,SUCCESS
coding_plan,cache-read(Text API),MiniMax-M2.1,0.0000,0.0000,809120,0,809120,2026-03-12 14:00-15:00,SUCCESS
coding_plan,cache-read(Text API),MiniMax-M2.5,0.0000,0.0000,77297,0,77297,2026-03-12 14:00-15:00,SUCCESS
coding_plan,chatcompletion-v2(Text API),MiniMax-M2.5-highspeed,0.0000,0.0000,528194,20313,548507,2026-03-12 14:00-15:00,SUCCESS
coding_plan,chatcompletion-v2(Text API),MiniMax-M2,0.0000,0.0000,1059849,937,1060786,2026-03-12 14:00-15:00,SUCCESS
coding_plan,chatcompletion-v2(Text API),MiniMax-M2.1,0.0000,0.0000,69313,4718,74031,2026-03-12 14:00-15:00,SUCCESS
coding_plan,chatcompletion-v2(Text API),MiniMax-M2.5,0.0000,0.0000,26412,1997,28409,2026-03-12 14:00-15:00,SUCCESS
coding_plan,cache-read(Text API),MiniMax-M2.5-highspeed,0.0000,0.0000,1592146,0,1592146,2026-03-12 13:00-14:00,SUCCESS
coding_plan,chatcompletion-v2(Text API),MiniMax-M2.5-highspeed,0.0000,0.0000,187827,3350,191177,2026-03-12 13:00-14:00,SUCCESS
coding_plan,chatcompletion-v2(Text API),MiniMax-M2,0.0000,0.0000,793820,3662,797482,2026-03-12 13:00-14:00,SUCCESS
coding_plan,cache-read(Text API),MiniMax-M2.5-highspeed,0.0000,0.0000,6041040,0,6041040,2026-03-12 12:00-13:00,SUCCESS
coding_plan,cache-read(Text API),MiniMax-M2.1,0.0000,0.0000,98030,0,98030,2026-03-12 12:00-13:00,SUCCESS
coding_plan,cache-read(Text API),MiniMax-M2.5,0.0000,0.0000,301270,0,301270,2026-03-12 12:00-13:00,SUCCESS
coding_plan,chatcompletion-v2(Text API),MiniMax-M2.5-highspeed,0.0000,0.0000,344541,10377,354918,2026-03-12 12:00-13:00,SUCCESS
coding_plan,chatcompletion-v2(Text API),MiniMax-M2,0.0000,0.0000,393871,782,394653,2026-03-12 12:00-13:00,SUCCESS
coding_plan,chatcompletion-v2(Text API),MiniMax-M2.1,0.0000,0.0000,25206,630,25836,2026-03-12 12:00-13:00,SUCCESS
coding_plan,chatcompletion-v2(Text API),MiniMax-M2.5,0.0000,0.0000,32739,2277,35016,2026-03-12 12:00-13:00,SUCCESS
coding_plan,cache-read(Text API),MiniMax-M2.5-highspeed,0.0000,0.0000,210589,0,210589,2026-03-12 11:00-12:00,SUCCESS
coding_plan,cache-read(Text API),MiniMax-M2.1,0.0000,0.0000,88046,0,88046,2026-03-12 11:00-12:00,SUCCESS
coding_plan,cache-read(Text API),MiniMax-M2.5,0.0000,0.0000,360400,0,360400,2026-03-12 11:00-12:00,SUCCESS
coding_plan,chatcompletion-v2(Text API),MiniMax-M2.5-highspeed,0.0000,0.0000,68884,310,69194,2026-03-12 11:00-12:00,SUCCESS
coding_plan,chatcompletion-v2(Text API),MiniMax-M2,0.0000,0.0000,1444286,12350,1456636,2026-03-12 11:00-12:00,SUCCESS
coding_plan,chatcompletion-v2(Text API),MiniMax-M2.1,0.0000,0.0000,25550,737,26287,2026-03-12 11:00-12:00,SUCCESS
coding_plan,chatcompletion-v2(Text API),MiniMax-M2.5,0.0000,0.0000,49926,3106,53032,2026-03-12 11:00-12:00,SUCCESS
coding_plan,cache-read(Text API),MiniMax-M2.5-highspeed,0.0000,0.0000,3765249,0,3765249,2026-03-12 10:00-11:00,SUCCESS
coding_plan,cache-read(Text API),MiniMax-M2.1,0.0000,0.0000,378302,0,378302,2026-03-12 10:00-11:00,SUCCESS
coding_plan,cache-read(Text API),MiniMax-M2.5,0.0000,0.0000,533874,0,533874,2026-03-12 10:00-11:00,SUCCESS
coding_plan,chatcompletion-v2(Text API),MiniMax-M2.5-highspeed,0.0000,0.0000,128998,6664,135662,2026-03-12 10:00-11:00,SUCCESS
coding_plan,chatcompletion-v2(Text API),MiniMax-M2,0.0000,0.0000,947017,3604,950621,2026-03-12 10:00-11:00,SUCCESS
coding_plan,chatcompletion-v2(Text API),MiniMax-M2.1,0.0000,0.0000,47796,2346,50142,2026-03-12 10:00-11:00,SUCCESS
coding_plan,chatcompletion-v2(Text API),MiniMax-M2.5,0.0000,0.0000,51929,3959,55888,2026-03-12 10:00-11:00,SUCCESS
coding_plan,cache-read(Text API),MiniMax-M2.1,0.0000,0.0000,105451,0,105451,2026-03-12 09:00-10:00,SUCCESS
coding_plan,cache-read(Text API),MiniMax-M2.5,0.0000,0.0000,312013,0,312013,2026-03-12 09:00-10:00,SUCCESS
coding_plan,chatcompletion-v2(Text API),MiniMax-M2,0.0000,0.0000,1483038,10999,1494037,2026-03-12 09:00-10:00,SUCCESS
coding_plan,chatcompletion-v2(Text API),MiniMax-M2.1,0.0000,0.0000,24877,809,25686,2026-03-12 09:00-10:00,SUCCESS
coding_plan,chatcompletion-v2(Text API),MiniMax-M2.5,0.0000,0.0000,30950,2681,33631,2026-03-12 09:00-10:00,SUCCESS
coding_plan,cache-read(Text API),MiniMax-M2.5-highspeed,0.0000,0.0000,787768,0,787768,2026-03-12 08:00-09:00,SUCCESS
coding_plan,cache-read(Text API),MiniMax-M2.1,0.0000,0.0000,72945,0,72945,2026-03-12 08:00-09:00,SUCCESS
coding_plan,cache-read(Text API),MiniMax-M2.5,0.0000,0.0000,122600,0,122600,2026-03-12 08:00-09:00,SUCCESS
coding_plan,chatcompletion-v2(Text API),MiniMax-M2.5-highspeed,0.0000,0.0000,124497,3991,128488,2026-03-12 08:00-09:00,SUCCESS
coding_plan,chatcompletion-v2(Text API),MiniMax-M2,0.0000,0.0000,112048,596,112644,2026-03-12 08:00-09:00,SUCCESS
coding_plan,chatcompletion-v2(Text API),MiniMax-M2.1,0.0000,0.0000,29443,629,30072,2026-03-12 08:00-09:00,SUCCESS
coding_plan,chatcompletion-v2(Text API),MiniMax-M2.5,0.0000,0.0000,18035,1738,19773,2026-03-12 08:00-09:00,SUCCESS
coding_plan,cache-read(Text API),MiniMax-M2.5-highspeed,0.0000,0.0000,706533,0,706533,2026-03-12 07:00-08:00,SUCCESS
coding_plan,cache-read(Text API),MiniMax-M2.1,0.0000,0.0000,89070,0,89070,2026-03-12 07:00-08:00,SUCCESS
coding_plan,cache-read(Text API),MiniMax-M2.5,0.0000,0.0000,607934,0,607934,2026-03-12 07:00-08:00,SUCCESS
coding_plan,chatcompletion-v2(Text API),MiniMax-M2.5-highspeed,0.0000,0.0000,90779,5534,96313,2026-03-12 07:00-08:00,SUCCESS
coding_plan,chatcompletion-v2(Text API),MiniMax-M2,0.0000,0.0000,1985523,12700,1998223,2026-03-12 07:00-08:00,SUCCESS
coding_plan,chatcompletion-v2(Text API),MiniMax-M2.1,0.0000,0.0000,24629,625,25254,2026-03-12 07:00-08:00,SUCCESS
coding_plan,chatcompletion-v2(Text API),MiniMax-M2.5,0.0000,0.0000,56558,3791,60349,2026-03-12 07:00-08:00,SUCCESS
coding_plan,cache-read(Text API),MiniMax-M2.1,0.0000,0.0000,35333,0,35333,2026-03-12 06:00-07:00,SUCCESS
coding_plan,cache-read(Text API),MiniMax-M2.5,0.0000,0.0000,234971,0,234971,2026-03-12 06:00-07:00,SUCCESS
coding_plan,chatcompletion-v2(Text API),MiniMax-M2,0.0000,0.0000,108363,972,109335,2026-03-12 06:00-07:00,SUCCESS
coding_plan,chatcompletion-v2(Text API),MiniMax-M2.1,0.0000,0.0000,61802,560,62362,2026-03-12 06:00-07:00,SUCCESS
coding_plan,chatcompletion-v2(Text API),MiniMax-M2.5,0.0000,0.0000,110368,3302,113670,2026-03-12 06:00-07:00,SUCCESS
coding_plan,cache-read(Text API),MiniMax-M2.1,0.0000,0.0000,88889,0,88889,2026-03-12 05:00-06:00,SUCCESS
coding_plan,cache-read(Text API),MiniMax-M2.5,0.0000,0.0000,298501,0,298501,2026-03-12 05:00-06:00,SUCCESS
coding_plan,chatcompletion-v2(Text API),MiniMax-M2,0.0000,0.0000,1001672,5578,1007250,2026-03-12 05:00-06:00,SUCCESS
coding_plan,chatcompletion-v2(Text API),MiniMax-M2.1,0.0000,0.0000,24046,525,24571,2026-03-12 05:00-06:00,SUCCESS
coding_plan,chatcompletion-v2(Text API),MiniMax-M2.5,0.0000,0.0000,32027,2736,34763,2026-03-12 05:00-06:00,SUCCESS
coding_plan,cache-read(Text API),MiniMax-M2.1,0.0000,0.0000,89961,0,89961,2026-03-12 04:00-05:00,SUCCESS
coding_plan,cache-read(Text API),MiniMax-M2.5,0.0000,0.0000,215389,0,215389,2026-03-12 04:00-05:00,SUCCESS
coding_plan,chatcompletion-v2(Text API),MiniMax-M2,0.0000,0.0000,41933,207,42140,2026-03-12 04:00-05:00,SUCCESS
coding_plan,chatcompletion-v2(Text API),MiniMax-M2.1,0.0000,0.0000,26672,788,27460,2026-03-12 04:00-05:00,SUCCESS
coding_plan,chatcompletion-v2(Text API),MiniMax-M2.5,0.0000,0.0000,27985,1701,29686,2026-03-12 04:00-05:00,SUCCESS
coding_plan,cache-read(Text API),MiniMax-M2.1,0.0000,0.0000,89368,0,89368,2026-03-12 03:00-04:00,SUCCESS
coding_plan,cache-read(Text API),MiniMax-M2.5,0.0000,0.0000,188374,0,188374,2026-03-12 03:00-04:00,SUCCESS
coding_plan,chatcompletion-v2(Text API),MiniMax-M2,0.0000,0.0000,738398,8064,746462,2026-03-12 03:00-04:00,SUCCESS
coding_plan,chatcompletion-v2(Text API),MiniMax-M2.1,0.0000,0.0000,26691,671,27362,2026-03-12 03:00-04:00,SUCCESS
coding_plan,chatcompletion-v2(Text API),MiniMax-M2.5,0.0000,0.0000,28573,1332,29905,2026-03-12 03:00-04:00,SUCCESS
coding_plan,cache-read(Text API),MiniMax-M2.1,0.0000,0.0000,57452,0,57452,2026-03-12 02:00-03:00,SUCCESS
coding_plan,cache-read(Text API),MiniMax-M2.5,0.0000,0.0000,330306,0,330306,2026-03-12 02:00-03:00,SUCCESS
coding_plan,chatcompletion-v2(Text API),MiniMax-M2,0.0000,0.0000,5286677,3525,5290202,2026-03-12 02:00-03:00,SUCCESS
coding_plan,chatcompletion-v2(Text API),MiniMax-M2.1,0.0000,0.0000,23870,637,24507,2026-03-12 02:00-03:00,SUCCESS
coding_plan,chatcompletion-v2(Text API),MiniMax-M2.5,0.0000,0.0000,36652,2723,39375,2026-03-12 02:00-03:00,SUCCESS
coding_plan,cache-read(Text API),MiniMax-M2.5-highspeed,0.0000,0.0000,1231,0,1231,2026-03-12 01:00-02:00,SUCCESS
coding_plan,cache-read(Text API),MiniMax-M2.1,0.0000,0.0000,98264,0,98264,2026-03-12 01:00-02:00,SUCCESS
coding_plan,cache-read(Text API),MiniMax-M2.5,0.0000,0.0000,543560,0,543560,2026-03-12 01:00-02:00,SUCCESS
coding_plan,chatcompletion-v2(Text API),MiniMax-M2.5-highspeed,0.0000,0.0000,35783,231,36014,2026-03-12 01:00-02:00,SUCCESS
coding_plan,chatcompletion-v2(Text API),MiniMax-M2,0.0000,0.0000,1298201,7922,1306123,2026-03-12 01:00-02:00,SUCCESS
coding_plan,chatcompletion-v2(Text API),MiniMax-M2.1,0.0000,0.0000,23674,806,24480,2026-03-12 01:00-02:00,SUCCESS
coding_plan,chatcompletion-v2(Text API),MiniMax-M2.5,0.0000,0.0000,169275,4292,173567,2026-03-12 01:00-02:00,SUCCESS
coding_plan,cache-read(Text API),MiniMax-M2.1,0.0000,0.0000,49826,0,49826,2026-03-12 00:00-01:00,SUCCESS
coding_plan,cache-read(Text API),MiniMax-M2.5,0.0000,0.0000,1312,0,1312,2026-03-12 00:00-01:00,SUCCESS
coding_plan,chatcompletion-v2(Text API),MiniMax-M2,0.0000,0.0000,2581394,968,2582362,2026-03-12 00:00-01:00,SUCCESS
coding_plan,chatcompletion-v2(Text API),MiniMax-M2.1,0.0000,0.0000,22738,281,23019,2026-03-12 00:00-01:00,SUCCESS
coding_plan,chatcompletion-v2(Text API),MiniMax-M2.5,0.0000,0.0000,14908,200,15108,2026-03-12 00:00-01:00,SUCCESS
coding_plan,cache-read(Text API),MiniMax-M2.5-highspeed,0.0000,0.0000,10691657,0,10691657,2026-03-11 23:00-24:00,SUCCESS
coding_plan,cache-read(Text API),MiniMax-M2.1,0.0000,0.0000,89860,0,89860,2026-03-11 23:00-24:00,SUCCESS
coding_plan,cache-read(Text API),MiniMax-M2.5,0.0000,0.0000,371018,0,371018,2026-03-11 23:00-24:00,SUCCESS
coding_plan,chatcompletion-v2(Text API),MiniMax-M2.5-highspeed,0.0000,0.0000,1287298,8824,1296122,2026-03-11 23:00-24:00,SUCCESS
coding_plan,chatcompletion-v2(Text API),MiniMax-M2,0.0000,0.0000,2773217,7687,2780904,2026-03-11 23:00-24:00,SUCCESS
coding_plan,chatcompletion-v2(Text API),MiniMax-M2.1,0.0000,0.0000,24366,700,25066,2026-03-11 23:00-24:00,SUCCESS
coding_plan,chatcompletion-v2(Text API),MiniMax-M2.5,0.0000,0.0000,37404,2628,40032,2026-03-11 23:00-24:00,SUCCESS
coding_plan,cache-read(Text API),MiniMax-M2.5-highspeed,0.0000,0.0000,7090307,0,7090307,2026-03-11 22:00-23:00,SUCCESS
coding_plan,cache-read(Text API),MiniMax-M2.1,0.0000,0.0000,34836,0,34836,2026-03-11 22:00-23:00,SUCCESS
coding_plan,cache-read(Text API),MiniMax-M2.5,0.0000,0.0000,806244,0,806244,2026-03-11 22:00-23:00,SUCCESS
coding_plan,chatcompletion-v2(Text API),MiniMax-M2.5-highspeed,0.0000,0.0000,658710,6905,665615,2026-03-11 22:00-23:00,SUCCESS
coding_plan,chatcompletion-v2(Text API),MiniMax-M2,0.0000,0.0000,2542694,1404,2544098,2026-03-11 22:00-23:00,SUCCESS
coding_plan,chatcompletion-v2(Text API),MiniMax-M2.1,0.0000,0.0000,62188,687,62875,2026-03-11 22:00-23:00,SUCCESS
coding_plan,chatcompletion-v2(Text API),MiniMax-M2.5,0.0000,0.0000,84358,3721,88079,2026-03-11 22:00-23:00,SUCCESS
coding_plan,cache-read(Text API),MiniMax-M2.5-highspeed,0.0000,0.0000,11291805,0,11291805,2026-03-11 21:00-22:00,SUCCESS
coding_plan,cache-read(Text API),MiniMax-M2.1,0.0000,0.0000,89480,0,89480,2026-03-11 21:00-22:00,SUCCESS
coding_plan,cache-read(Text API),MiniMax-M2.5,0.0000,0.0000,283223,0,283223,2026-03-11 21:00-22:00,SUCCESS
coding_plan,chatcompletion-v2(Text API),MiniMax-M2.5-highspeed,0.0000,0.0000,6123611,12020,6135631,2026-03-11 21:00-22:00,SUCCESS
coding_plan,chatcompletion-v2(Text API),MiniMax-M2,0.0000,0.0000,3617558,15831,3633389,2026-03-11 21:00-22:00,SUCCESS
coding_plan,chatcompletion-v2(Text API),MiniMax-M2.1,0.0000,0.0000,24164,808,24972,2026-03-11 21:00-22:00,SUCCESS
coding_plan,chatcompletion-v2(Text API),MiniMax-M2.5,0.0000,0.0000,37936,2375,40311,2026-03-11 21:00-22:00,SUCCESS
coding_plan,cache-read(Text API),MiniMax-M2.5-highspeed,0.0000,0.0000,10888665,0,10888665,2026-03-11 20:00-21:00,SUCCESS
coding_plan,cache-read(Text API),MiniMax-M2.1,0.0000,0.0000,56499,0,56499,2026-03-11 20:00-21:00,SUCCESS
coding_plan,cache-read(Text API),MiniMax-M2.5,0.0000,0.0000,358311,0,358311,2026-03-11 20:00-21:00,SUCCESS
coding_plan,chatcompletion-v2(Text API),MiniMax-M2.5-highspeed,0.0000,0.0000,3640932,11809,3652741,2026-03-11 20:00-21:00,SUCCESS
coding_plan,chatcompletion-v2(Text API),MiniMax-M2,0.0000,0.0000,2037760,872,2038632,2026-03-11 20:00-21:00,SUCCESS
coding_plan,chatcompletion-v2(Text API),MiniMax-M2.1,0.0000,0.0000,24872,426,25298,2026-03-11 20:00-21:00,SUCCESS
coding_plan,chatcompletion-v2(Text API),MiniMax-M2.5,0.0000,0.0000,79794,3334,83128,2026-03-11 20:00-21:00,SUCCESS
coding_plan,cache-read(Text API),MiniMax-M2.5-highspeed,0.0000,0.0000,8593564,0,8593564,2026-03-11 19:00-20:00,SUCCESS
coding_plan,cache-read(Text API),MiniMax-M2.1,0.0000,0.0000,57479,0,57479,2026-03-11 19:00-20:00,SUCCESS
coding_plan,cache-read(Text API),MiniMax-M2.5,0.0000,0.0000,313183,0,313183,2026-03-11 19:00-20:00,SUCCESS
coding_plan,chatcompletion-v2(Text API),MiniMax-M2.5-highspeed,0.0000,0.0000,572570,9347,581917,2026-03-11 19:00-20:00,SUCCESS
coding_plan,chatcompletion-v2(Text API),MiniMax-M2,0.0000,0.0000,1769847,4798,1774645,2026-03-11 19:00-20:00,SUCCESS
coding_plan,chatcompletion-v2(Text API),MiniMax-M2.1,0.0000,0.0000,24024,549,24573,2026-03-11 19:00-20:00,SUCCESS
coding_plan,chatcompletion-v2(Text API),MiniMax-M2.5,0.0000,0.0000,32330,2799,35129,2026-03-11 19:00-20:00,SUCCESS
coding_plan,cache-read(Text API),MiniMax-M2.1,0.0000,0.0000,57480,0,57480,2026-03-11 18:00-19:00,SUCCESS
coding_plan,cache-read(Text API),MiniMax-M2.5,0.0000,0.0000,166337,0,166337,2026-03-11 18:00-19:00,SUCCESS
coding_plan,chatcompletion-v2(Text API),MiniMax-M2,0.0000,0.0000,1671984,1441,1673425,2026-03-11 18:00-19:00,SUCCESS
coding_plan,chatcompletion-v2(Text API),MiniMax-M2.1,0.0000,0.0000,24040,520,24560,2026-03-11 18:00-19:00,SUCCESS
coding_plan,chatcompletion-v2(Text API),MiniMax-M2.5,0.0000,0.0000,23343,2407,25750,2026-03-11 18:00-19:00,SUCCESS
coding_plan,cache-read(Text API),MiniMax-M2.5-highspeed,0.0000,0.0000,881040,0,881040,2026-03-11 17:00-18:00,SUCCESS
coding_plan,cache-read(Text API),MiniMax-M2.1,0.0000,0.0000,73784,0,73784,2026-03-11 17:00-18:00,SUCCESS
coding_plan,cache-read(Text API),MiniMax-M2.5,0.0000,0.0000,333984,0,333984,2026-03-11 17:00-18:00,SUCCESS
coding_plan,chatcompletion-v2(Text API),MiniMax-M2.5-highspeed,0.0000,0.0000,125684,771,126455,2026-03-11 17:00-18:00,SUCCESS
coding_plan,chatcompletion-v2(Text API),MiniMax-M2,0.0000,0.0000,1681724,8769,1690493,2026-03-11 17:00-18:00,SUCCESS
coding_plan,chatcompletion-v2(Text API),MiniMax-M2.1,0.0000,0.0000,23601,555,24156,2026-03-11 17:00-18:00,SUCCESS
coding_plan,chatcompletion-v2(Text API),MiniMax-M2.5,0.0000,0.0000,31218,2327,33545,2026-03-11 17:00-18:00,SUCCESS
coding_plan,cache-read(Text API),MiniMax-M2.5-highspeed,0.0000,0.0000,3208485,0,3208485,2026-03-11 16:00-17:00,SUCCESS
coding_plan,cache-read(Text API),MiniMax-M2.1,0.0000,0.0000,89169,0,89169,2026-03-11 16:00-17:00,SUCCESS
coding_plan,cache-read(Text API),MiniMax-M2.5,0.0000,0.0000,440161,0,440161,2026-03-11 16:00-17:00,SUCCESS
coding_plan,chatcompletion-v2(Text API),MiniMax-M2.5-highspeed,0.0000,0.0000,362287,3938,366225,2026-03-11 16:00-17:00,SUCCESS
coding_plan,chatcompletion-v2(Text API),MiniMax-M2,0.0000,0.0000,365053,222,365275,2026-03-11 16:00-17:00,SUCCESS
coding_plan,chatcompletion-v2(Text API),MiniMax-M2.1,0.0000,0.0000,25448,782,26230,2026-03-11 16:00-17:00,SUCCESS
coding_plan,chatcompletion-v2(Text API),MiniMax-M2.5,0.0000,0.0000,37272,3188,40460,2026-03-11 16:00-17:00,SUCCESS
coding_plan,cache-read(Text API),MiniMax-M2.5-highspeed,0.0000,0.0000,1559620,0,1559620,2026-03-11 15:00-16:00,SUCCESS
coding_plan,cache-read(Text API),MiniMax-M2.1,0.0000,0.0000,90041,0,90041,2026-03-11 15:00-16:00,SUCCESS
coding_plan,cache-read(Text API),MiniMax-M2.5,0.0000,0.0000,52374,0,52374,2026-03-11 15:00-16:00,SUCCESS
coding_plan,chatcompletion-v2(Text API),MiniMax-M2.5-highspeed,0.0000,0.0000,127478,3886,131364,2026-03-11 15:00-16:00,SUCCESS
coding_plan,chatcompletion-v2(Text API),MiniMax-M2,0.0000,0.0000,3386144,10875,3397019,2026-03-11 15:00-16:00,SUCCESS
coding_plan,chatcompletion-v2(Text API),MiniMax-M2.1,0.0000,0.0000,23783,726,24509,2026-03-11 15:00-16:00,SUCCESS
coding_plan,chatcompletion-v2(Text API),MiniMax-M2.5,0.0000,0.0000,32650,1129,33779,2026-03-11 15:00-16:00,SUCCESS
coding_plan,cache-read(Text API),MiniMax-M2.5-highspeed,0.0000,0.0000,3672852,0,3672852,2026-03-11 14:00-15:00,SUCCESS
coding_plan,cache-read(Text API),MiniMax-M2.1,0.0000,0.0000,138325,0,138325,2026-03-11 14:00-15:00,SUCCESS
coding_plan,cache-read(Text API),MiniMax-M2.5,0.0000,0.0000,178239,0,178239,2026-03-11 14:00-15:00,SUCCESS
coding_plan,chatcompletion-v2(Text API),MiniMax-M2.5-highspeed,0.0000,0.0000,114332,5105,119437,2026-03-11 14:00-15:00,SUCCESS
coding_plan,chatcompletion-v2(Text API),MiniMax-M2,0.0000,0.0000,1698552,2220,1700772,2026-03-11 14:00-15:00,SUCCESS
coding_plan,chatcompletion-v2(Text API),MiniMax-M2.1,0.0000,0.0000,25256,867,26123,2026-03-11 14:00-15:00,SUCCESS
coding_plan,chatcompletion-v2(Text API),MiniMax-M2.5,0.0000,0.0000,25410,2782,28192,2026-03-11 14:00-15:00,SUCCESS
coding_plan,cache-read(Text API),MiniMax-M2.5-highspeed,0.0000,0.0000,1033681,0,1033681,2026-03-11 13:00-14:00,SUCCESS
coding_plan,chatcompletion-v2(Text API),MiniMax-M2.5-highspeed,0.0000,0.0000,189014,1693,190707,2026-03-11 13:00-14:00,SUCCESS
coding_plan,chatcompletion-v2(Text API),MiniMax-M2,0.0000,0.0000,1530271,6139,1536410,2026-03-11 13:00-14:00,SUCCESS
coding_plan,cache-read(Text API),MiniMax-M2.5-highspeed,0.0000,0.0000,3727839,0,3727839,2026-03-11 12:00-13:00,SUCCESS
coding_plan,cache-read(Text API),MiniMax-M2.1,0.0000,0.0000,91687,0,91687,2026-03-11 12:00-13:00,SUCCESS
coding_plan,cache-read(Text API),MiniMax-M2.5,0.0000,0.0000,195522,0,195522,2026-03-11 12:00-13:00,SUCCESS
coding_plan,chatcompletion-v2(Text API),MiniMax-M2.5-highspeed,0.0000,0.0000,229496,5411,234907,2026-03-11 12:00-13:00,SUCCESS
coding_plan,chatcompletion-v2(Text API),MiniMax-M2,0.0000,0.0000,1672554,3181,1675735,2026-03-11 12:00-13:00,SUCCESS
coding_plan,chatcompletion-v2(Text API),MiniMax-M2.1,0.0000,0.0000,39581,819,40400,2026-03-11 12:00-13:00,SUCCESS
coding_plan,chatcompletion-v2(Text API),MiniMax-M2.5,0.0000,0.0000,73551,2556,76107,2026-03-11 12:00-13:00,SUCCESS
coding_plan,cache-read(Text API),MiniMax-M2.5-highspeed,0.0000,0.0000,420830,0,420830,2026-03-11 11:00-12:00,SUCCESS
coding_plan,cache-read(Text API),MiniMax-M2.1,0.0000,0.0000,73784,0,73784,2026-03-11 11:00-12:00,SUCCESS
coding_plan,cache-read(Text API),MiniMax-M2.5,0.0000,0.0000,194948,0,194948,2026-03-11 11:00-12:00,SUCCESS
coding_plan,chatcompletion-v2(Text API),MiniMax-M2.5-highspeed,0.0000,0.0000,69108,835,69943,2026-03-11 11:00-12:00,SUCCESS
coding_plan,chatcompletion-v2(Text API),MiniMax-M2,0.0000,0.0000,2802726,13161,2815887,2026-03-11 11:00-12:00,SUCCESS
coding_plan,chatcompletion-v2(Text API),MiniMax-M2.1,0.0000,0.0000,24239,722,24961,2026-03-11 11:00-12:00,SUCCESS
coding_plan,chatcompletion-v2(Text API),MiniMax-M2.5,0.0000,0.0000,27629,2229,29858,2026-03-11 11:00-12:00,SUCCESS
coding_plan,cache-read(Text API),MiniMax-M2.5-highspeed,0.0000,0.0000,338628,0,338628,2026-03-11 10:00-11:00,SUCCESS
coding_plan,cache-read(Text API),MiniMax-M2.1,0.0000,0.0000,57543,0,57543,2026-03-11 10:00-11:00,SUCCESS
coding_plan,cache-read(Text API),MiniMax-M2.5,0.0000,0.0000,361880,0,361880,2026-03-11 10:00-11:00,SUCCESS
coding_plan,chatcompletion-v2(Text API),MiniMax-M2.5-highspeed,0.0000,0.0000,68563,606,69169,2026-03-11 10:00-11:00,SUCCESS
coding_plan,chatcompletion-v2(Text API),MiniMax-M2,0.0000,0.0000,958844,2345,961189,2026-03-11 10:00-11:00,SUCCESS
coding_plan,chatcompletion-v2(Text API),MiniMax-M2.1,0.0000,0.0000,24075,530,24605,2026-03-11 10:00-11:00,SUCCESS
coding_plan,chatcompletion-v2(Text API),MiniMax-M2.5,0.0000,0.0000,44906,3779,48685,2026-03-11 10:00-11:00,SUCCESS
coding_plan,cache-read(Text API),MiniMax-M2.5-highspeed,0.0000,0.0000,2485988,0,2485988,2026-03-11 09:00-10:00,SUCCESS
coding_plan,cache-read(Text API),MiniMax-M2.1,0.0000,0.0000,73785,0,73785,2026-03-11 09:00-10:00,SUCCESS
coding_plan,cache-read(Text API),MiniMax-M2.5,0.0000,0.0000,552559,0,552559,2026-03-11 09:00-10:00,SUCCESS
coding_plan,chatcompletion-v2(Text API),MiniMax-M2.5-highspeed,0.0000,0.0000,133039,5494,138533,2026-03-11 09:00-10:00,SUCCESS
coding_plan,chatcompletion-v2(Text API),MiniMax-M2,0.0000,0.0000,1876357,12225,1888582,2026-03-11 09:00-10:00,SUCCESS
coding_plan,chatcompletion-v2(Text API),MiniMax-M2.1,0.0000,0.0000,23602,678,24280,2026-03-11 09:00-10:00,SUCCESS
coding_plan,chatcompletion-v2(Text API),MiniMax-M2.5,0.0000,0.0000,43536,3729,47265,2026-03-11 09:00-10:00,SUCCESS
coding_plan,cache-read(Text API),MiniMax-M2.5-highspeed,0.0000,0.0000,2380445,0,2380445,2026-03-11 08:00-09:00,SUCCESS
coding_plan,cache-read(Text API),MiniMax-M2.1,0.0000,0.0000,105146,0,105146,2026-03-11 08:00-09:00,SUCCESS
coding_plan,cache-read(Text API),MiniMax-M2.5,0.0000,0.0000,251931,0,251931,2026-03-11 08:00-09:00,SUCCESS
coding_plan,chatcompletion-v2(Text API),MiniMax-M2.5-highspeed,0.0000,0.0000,165918,8711,174629,2026-03-11 08:00-09:00,SUCCESS
coding_plan,chatcompletion-v2(Text API),MiniMax-M2,0.0000,0.0000,858005,3114,861119,2026-03-11 08:00-09:00,SUCCESS
coding_plan,chatcompletion-v2(Text API),MiniMax-M2.1,0.0000,0.0000,25129,755,25884,2026-03-11 08:00-09:00,SUCCESS
coding_plan,chatcompletion-v2(Text API),MiniMax-M2.5,0.0000,0.0000,65371,2207,67578,2026-03-11 08:00-09:00,SUCCESS
coding_plan,cache-read(Text API),MiniMax-M2.5-highspeed,0.0000,0.0000,2223085,0,2223085,2026-03-11 07:00-08:00,SUCCESS
coding_plan,cache-read(Text API),MiniMax-M2.1,0.0000,0.0000,72315,0,72315,2026-03-11 07:00-08:00,SUCCESS
coding_plan,cache-read(Text API),MiniMax-M2.5,0.0000,0.0000,332557,0,332557,2026-03-11 07:00-08:00,SUCCESS
coding_plan,chatcompletion-v2(Text API),MiniMax-M2.5-highspeed,0.0000,0.0000,137159,12550,149709,2026-03-11 07:00-08:00,SUCCESS
coding_plan,chatcompletion-v2(Text API),MiniMax-M2,0.0000,0.0000,3174813,17239,3192052,2026-03-11 07:00-08:00,SUCCESS
coding_plan,chatcompletion-v2(Text API),MiniMax-M2.1,0.0000,0.0000,25048,534,25582,2026-03-11 07:00-08:00,SUCCESS
coding_plan,chatcompletion-v2(Text API),MiniMax-M2.5,0.0000,0.0000,30355,2336,32691,2026-03-11 07:00-08:00,SUCCESS
coding_plan,cache-read(Text API),MiniMax-M2.1,0.0000,0.0000,73267,0,73267,2026-03-11 06:00-07:00,SUCCESS
coding_plan,cache-read(Text API),MiniMax-M2.5,0.0000,0.0000,268016,0,268016,2026-03-11 06:00-07:00,SUCCESS
coding_plan,chatcompletion-v2(Text API),MiniMax-M2,0.0000,0.0000,368589,2431,371020,2026-03-11 06:00-07:00,SUCCESS
coding_plan,chatcompletion-v2(Text API),MiniMax-M2.1,0.0000,0.0000,23485,512,23997,2026-03-11 06:00-07:00,SUCCESS
coding_plan,chatcompletion-v2(Text API),MiniMax-M2.5,0.0000,0.0000,38390,3164,41554,2026-03-11 06:00-07:00,SUCCESS
coding_plan,cache-read(Text API),MiniMax-M2.1,0.0000,0.0000,89493,0,89493,2026-03-11 05:00-06:00,SUCCESS
coding_plan,cache-read(Text API),MiniMax-M2.5,0.0000,0.0000,234531,0,234531,2026-03-11 05:00-06:00,SUCCESS
coding_plan,chatcompletion-v2(Text API),MiniMax-M2,0.0000,0.0000,1541211,11304,1552515,2026-03-11 05:00-06:00,SUCCESS
coding_plan,chatcompletion-v2(Text API),MiniMax-M2.1,0.0000,0.0000,23665,804,24469,2026-03-11 05:00-06:00,SUCCESS
coding_plan,chatcompletion-v2(Text API),MiniMax-M2.5,0.0000,0.0000,44646,3829,48475,2026-03-11 05:00-06:00,SUCCESS
coding_plan,cache-read(Text API),MiniMax-M2.1,0.0000,0.0000,113284,0,113284,2026-03-11 04:00-05:00,SUCCESS
coding_plan,cache-read(Text API),MiniMax-M2.5,0.0000,0.0000,211744,0,211744,2026-03-11 04:00-05:00,SUCCESS
coding_plan,chatcompletion-v2(Text API),MiniMax-M2,0.0000,0.0000,201887,1399,203286,2026-03-11 04:00-05:00,SUCCESS
coding_plan,chatcompletion-v2(Text API),MiniMax-M2.1,0.0000,0.0000,28491,980,29471,2026-03-11 04:00-05:00,SUCCESS
coding_plan,chatcompletion-v2(Text API),MiniMax-M2.5,0.0000,0.0000,35005,2827,37832,2026-03-11 04:00-05:00,SUCCESS
coding_plan,cache-read(Text API),MiniMax-M2.1,0.0000,0.0000,89528,0,89528,2026-03-11 03:00-04:00,SUCCESS
coding_plan,cache-read(Text API),MiniMax-M2.5,0.0000,0.0000,494692,0,494692,2026-03-11 03:00-04:00,SUCCESS
coding_plan,chatcompletion-v2(Text API),MiniMax-M2,0.0000,0.0000,1192723,11294,1204017,2026-03-11 03:00-04:00,SUCCESS
coding_plan,chatcompletion-v2(Text API),MiniMax-M2.1,0.0000,0.0000,23691,878,24569,2026-03-11 03:00-04:00,SUCCESS
coding_plan,chatcompletion-v2(Text API),MiniMax-M2.5,0.0000,0.0000,110389,3571,113960,2026-03-11 03:00-04:00,SUCCESS
coding_plan,cache-read(Text API),MiniMax-M2.1,0.0000,0.0000,89601,0,89601,2026-03-11 02:00-03:00,SUCCESS
coding_plan,cache-read(Text API),MiniMax-M2.5,0.0000,0.0000,452601,0,452601,2026-03-11 02:00-03:00,SUCCESS
coding_plan,chatcompletion-v2(Text API),MiniMax-M2,0.0000,0.0000,201938,3825,205763,2026-03-11 02:00-03:00,SUCCESS
coding_plan,chatcompletion-v2(Text API),MiniMax-M2.1,0.0000,0.0000,24278,759,25037,2026-03-11 02:00-03:00,SUCCESS
coding_plan,chatcompletion-v2(Text API),MiniMax-M2.5,0.0000,0.0000,63163,3275,66438,2026-03-11 02:00-03:00,SUCCESS
coding_plan,cache-read(Text API),MiniMax-M2.5-highspeed,0.0000,0.0000,4342300,0,4342300,2026-03-11 01:00-02:00,SUCCESS
coding_plan,cache-read(Text API),MiniMax-M2.1,0.0000,0.0000,65171,0,65171,2026-03-11 01:00-02:00,SUCCESS
coding_plan,cache-read(Text API),MiniMax-M2.5,0.0000,0.0000,229490,0,229490,2026-03-11 01:00-02:00,SUCCESS
coding_plan,chatcompletion-v2(Text API),MiniMax-M2.5-highspeed,0.0000,0.0000,982279,4385,986664,2026-03-11 01:00-02:00,SUCCESS
coding_plan,chatcompletion-v2(Text API),MiniMax-M2,0.0000,0.0000,474412,3886,478298,2026-03-11 01:00-02:00,SUCCESS
coding_plan,chatcompletion-v2(Text API),MiniMax-M2.1,0.0000,0.0000,23267,424,23691,2026-03-11 01:00-02:00,SUCCESS
coding_plan,chatcompletion-v2(Text API),MiniMax-M2.5,0.0000,0.0000,184770,3067,187837,2026-03-11 01:00-02:00,SUCCESS
coding_plan,cache-read(Text API),MiniMax-M2.5-highspeed,0.0000,0.0000,4365288,0,4365288,2026-03-11 00:00-01:00,SUCCESS
coding_plan,cache-read(Text API),MiniMax-M2.1,0.0000,0.0000,89570,0,89570,2026-03-11 00:00-01:00,SUCCESS
coding_plan,cache-read(Text API),MiniMax-M2.5,0.0000,0.0000,203607,0,203607,2026-03-11 00:00-01:00,SUCCESS
coding_plan,chatcompletion-v2(Text API),MiniMax-M2.5-highspeed,0.0000,0.0000,1107342,4319,1111661,2026-03-11 00:00-01:00,SUCCESS
coding_plan,chatcompletion-v2(Text API),MiniMax-M2,0.0000,0.0000,976359,1768,978127,2026-03-11 00:00-01:00,SUCCESS
coding_plan,chatcompletion-v2(Text API),MiniMax-M2.1,0.0000,0.0000,24227,747,24974,2026-03-11 00:00-01:00,SUCCESS
coding_plan,chatcompletion-v2(Text API),MiniMax-M2.5,0.0000,0.0000,70003,1792,71795,2026-03-11 00:00-01:00,SUCCESS
coding_plan,cache-read(Text API),MiniMax-M2.5-highspeed,0.0000,0.0000,7279087,0,7279087,2026-03-10 23:00-24:00,SUCCESS
coding_plan,cache-read(Text API),MiniMax-M2.1,0.0000,0.0000,88518,0,88518,2026-03-10 23:00-24:00,SUCCESS
coding_plan,cache-read(Text API),MiniMax-M2.5,0.0000,0.0000,391654,0,391654,2026-03-10 23:00-24:00,SUCCESS
coding_plan,chatcompletion-v2(Text API),MiniMax-M2.5-highspeed,0.0000,0.0000,1897382,16427,1913809,2026-03-10 23:00-24:00,SUCCESS
coding_plan,chatcompletion-v2(Text API),MiniMax-M2,0.0000,0.0000,1303503,9851,1313354,2026-03-10 23:00-24:00,SUCCESS
coding_plan,chatcompletion-v2(Text API),MiniMax-M2.1,0.0000,0.0000,24533,655,25188,2026-03-10 23:00-24:00,SUCCESS
coding_plan,chatcompletion-v2(Text API),MiniMax-M2.5,0.0000,0.0000,42142,4979,47121,2026-03-10 23:00-24:00,SUCCESS
coding_plan,cache-read(Text API),MiniMax-M2.1,0.0000,0.0000,87703,0,87703,2026-03-10 22:00-23:00,SUCCESS
coding_plan,cache-read(Text API),MiniMax-M2.5,0.0000,0.0000,596277,0,596277,2026-03-10 22:00-23:00,SUCCESS
coding_plan,chatcompletion-v2(Text API),MiniMax-M2,0.0000,0.0000,510816,1400,512216,2026-03-10 22:00-23:00,SUCCESS
coding_plan,chatcompletion-v2(Text API),MiniMax-M2.1,0.0000,0.0000,25075,703,25778,2026-03-10 22:00-23:00,SUCCESS
coding_plan,chatcompletion-v2(Text API),MiniMax-M2.5,0.0000,0.0000,39850,3924,43774,2026-03-10 22:00-23:00,SUCCESS
coding_plan,cache-read(Text API),MiniMax-M2.1,0.0000,0.0000,73265,0,73265,2026-03-10 21:00-22:00,SUCCESS
coding_plan,cache-read(Text API),MiniMax-M2.5,0.0000,0.0000,290026,0,290026,2026-03-10 21:00-22:00,SUCCESS
coding_plan,chatcompletion-v2(Text API),MiniMax-M2,0.0000,0.0000,1665277,9728,1675005,2026-03-10 21:00-22:00,SUCCESS
coding_plan,chatcompletion-v2(Text API),MiniMax-M2.1,0.0000,0.0000,23521,544,24065,2026-03-10 21:00-22:00,SUCCESS
coding_plan,chatcompletion-v2(Text API),MiniMax-M2.5,0.0000,0.0000,30062,3641,33703,2026-03-10 21:00-22:00,SUCCESS
coding_plan,cache-read(Text API),MiniMax-M2.5-highspeed,0.0000,0.0000,7494899,0,7494899,2026-03-10 20:00-21:00,SUCCESS
coding_plan,cache-read(Text API),MiniMax-M2.1,0.0000,0.0000,88663,0,88663,2026-03-10 20:00-21:00,SUCCESS
coding_plan,cache-read(Text API),MiniMax-M2.5,0.0000,0.0000,261360,0,261360,2026-03-10 20:00-21:00,SUCCESS
coding_plan,chatcompletion-v2(Text API),MiniMax-M2.5-highspeed,0.0000,0.0000,2472349,14910,2487259,2026-03-10 20:00-21:00,SUCCESS
coding_plan,chatcompletion-v2(Text API),MiniMax-M2,0.0000,0.0000,2937450,7008,2944458,2026-03-10 20:00-21:00,SUCCESS
coding_plan,chatcompletion-v2(Text API),MiniMax-M2.1,0.0000,0.0000,24205,576,24781,2026-03-10 20:00-21:00,SUCCESS
coding_plan,chatcompletion-v2(Text API),MiniMax-M2.5,0.0000,0.0000,45743,2253,47996,2026-03-10 20:00-21:00,SUCCESS
coding_plan,cache-read(Text API),MiniMax-M2.5-highspeed,0.0000,0.0000,4623530,0,4623530,2026-03-10 19:00-20:00,SUCCESS
coding_plan,cache-read(Text API),MiniMax-M2.1,0.0000,0.0000,130411,0,130411,2026-03-10 19:00-20:00,SUCCESS
coding_plan,cache-read(Text API),MiniMax-M2.5,0.0000,0.0000,667494,0,667494,2026-03-10 19:00-20:00,SUCCESS
coding_plan,chatcompletion-v2(Text API),MiniMax-M2.5-highspeed,0.0000,0.0000,1874657,7521,1882178,2026-03-10 19:00-20:00,SUCCESS
coding_plan,chatcompletion-v2(Text API),MiniMax-M2,0.0000,0.0000,4058855,22896,4081751,2026-03-10 19:00-20:00,SUCCESS
coding_plan,chatcompletion-v2(Text API),MiniMax-M2.1,0.0000,0.0000,50374,1417,51791,2026-03-10 19:00-20:00,SUCCESS
coding_plan,chatcompletion-v2(Text API),MiniMax-M2.5,0.0000,0.0000,174135,5959,180094,2026-03-10 19:00-20:00,SUCCESS
coding_plan,cache-read(Text API),MiniMax-M2.5-highspeed,0.0000,0.0000,3211766,0,3211766,2026-03-10 18:00-19:00,SUCCESS
coding_plan,cache-read(Text API),MiniMax-M2.1,0.0000,0.0000,89467,0,89467,2026-03-10 18:00-19:00,SUCCESS
coding_plan,cache-read(Text API),MiniMax-M2.5,0.0000,0.0000,221077,0,221077,2026-03-10 18:00-19:00,SUCCESS
coding_plan,chatcompletion-v2(Text API),MiniMax-M2.5-highspeed,0.0000,0.0000,5280639,13065,5293704,2026-03-10 18:00-19:00,SUCCESS
coding_plan,chatcompletion-v2(Text API),MiniMax-M2,0.0000,0.0000,2530504,5692,2536196,2026-03-10 18:00-19:00,SUCCESS
coding_plan,chatcompletion-v2(Text API),MiniMax-M2.1,0.0000,0.0000,24243,639,24882,2026-03-10 18:00-19:00,SUCCESS
coding_plan,chatcompletion-v2(Text API),MiniMax-M2.5,0.0000,0.0000,30754,2226,32980,2026-03-10 18:00-19:00,SUCCESS
coding_plan,cache-read(Text API),MiniMax-M2.5-highspeed,0.0000,0.0000,13510237,0,13510237,2026-03-10 17:00-18:00,SUCCESS
coding_plan,cache-read(Text API),MiniMax-M2.1,0.0000,0.0000,89471,0,89471,2026-03-10 17:00-18:00,SUCCESS
coding_plan,cache-read(Text API),MiniMax-M2.5,0.0000,0.0000,208161,0,208161,2026-03-10 17:00-18:00,SUCCESS
coding_plan,chatcompletion-v2(Text API),MiniMax-M2.5-highspeed,0.0000,0.0000,3640404,17982,3658386,2026-03-10 17:00-18:00,SUCCESS
coding_plan,chatcompletion-v2(Text API),MiniMax-M2,0.0000,0.0000,3459244,8847,3468091,2026-03-10 17:00-18:00,SUCCESS
coding_plan,chatcompletion-v2(Text API),MiniMax-M2.1,0.0000,0.0000,36262,600,36862,2026-03-10 17:00-18:00,SUCCESS
coding_plan,chatcompletion-v2(Text API),MiniMax-M2.5,0.0000,0.0000,30366,2036,32402,2026-03-10 17:00-18:00,SUCCESS
coding_plan,cache-read(Text API),MiniMax-M2.5-highspeed,0.0000,0.0000,10319459,0,10319459,2026-03-10 16:00-17:00,SUCCESS
coding_plan,cache-read(Text API),MiniMax-M2.1,0.0000,0.0000,65484,0,65484,2026-03-10 16:00-17:00,SUCCESS
coding_plan,cache-read(Text API),MiniMax-M2.5,0.0000,0.0000,4505403,0,4505403,2026-03-10 16:00-17:00,SUCCESS
coding_plan,chatcompletion-v2(Text API),MiniMax-M2.5-highspeed,0.0000,0.0000,2818009,17705,2835714,2026-03-10 16:00-17:00,SUCCESS
coding_plan,chatcompletion-v2(Text API),MiniMax-M2,0.0000,0.0000,1965178,3430,1968608,2026-03-10 16:00-17:00,SUCCESS
coding_plan,chatcompletion-v2(Text API),MiniMax-M2.1,0.0000,0.0000,17060,516,17576,2026-03-10 16:00-17:00,SUCCESS
coding_plan,chatcompletion-v2(Text API),MiniMax-M2.5,0.0000,0.0000,830080,8995,839075,2026-03-10 16:00-17:00,SUCCESS
coding_plan,cache-read(Text API),MiniMax-M2.5-highspeed,0.0000,0.0000,36780,0,36780,2026-03-10 15:00-16:00,SUCCESS
coding_plan,cache-read(Text API),MiniMax-M2.1,0.0000,0.0000,89539,0,89539,2026-03-10 15:00-16:00,SUCCESS
coding_plan,cache-read(Text API),MiniMax-M2.5,0.0000,0.0000,477352,0,477352,2026-03-10 15:00-16:00,SUCCESS
coding_plan,chatcompletion-v2(Text API),MiniMax-M2.5-highspeed,0.0000,0.0000,894460,2605,897065,2026-03-10 15:00-16:00,SUCCESS
coding_plan,chatcompletion-v2(Text API),MiniMax-M2,0.0000,0.0000,1428355,15370,1443725,2026-03-10 15:00-16:00,SUCCESS
coding_plan,chatcompletion-v2(Text API),MiniMax-M2.1,0.0000,0.0000,23694,829,24523,2026-03-10 15:00-16:00,SUCCESS
coding_plan,chatcompletion-v2(Text API),MiniMax-M2.5,0.0000,0.0000,84488,2212,86700,2026-03-10 15:00-16:00,SUCCESS
coding_plan,cache-read(Text API),MiniMax-M2.5-highspeed,0.0000,0.0000,3341873,0,3341873,2026-03-10 14:00-15:00,SUCCESS
coding_plan,cache-read(Text API),MiniMax-M2.1,0.0000,0.0000,90159,0,90159,2026-03-10 14:00-15:00,SUCCESS
coding_plan,cache-read(Text API),MiniMax-M2.5,0.0000,0.0000,197179,0,197179,2026-03-10 14:00-15:00,SUCCESS
coding_plan,chatcompletion-v2(Text API),MiniMax-M2.5-highspeed,0.0000,0.0000,1507192,17172,1524364,2026-03-10 14:00-15:00,SUCCESS
coding_plan,chatcompletion-v2(Text API),MiniMax-M2,0.0000,0.0000,192700,1440,194140,2026-03-10 14:00-15:00,SUCCESS
coding_plan,chatcompletion-v2(Text API),MiniMax-M2.1,0.0000,0.0000,40287,848,41135,2026-03-10 14:00-15:00,SUCCESS
coding_plan,chatcompletion-v2(Text API),MiniMax-M2.5,0.0000,0.0000,27411,1717,29128,2026-03-10 14:00-15:00,SUCCESS
coding_plan,cache-read(Text API),MiniMax-M2.1,0.0000,0.0000,87813,0,87813,2026-03-10 13:00-14:00,SUCCESS
coding_plan,cache-read(Text API),MiniMax-M2.5,0.0000,0.0000,397756,0,397756,2026-03-10 13:00-14:00,SUCCESS
coding_plan,chatcompletion-v2(Text API),MiniMax-M2,0.0000,0.0000,1815549,20692,1836241,2026-03-10 13:00-14:00,SUCCESS
coding_plan,chatcompletion-v2(Text API),MiniMax-M2.1,0.0000,0.0000,24388,804,25192,2026-03-10 13:00-14:00,SUCCESS
coding_plan,chatcompletion-v2(Text API),MiniMax-M2.5,0.0000,0.0000,61543,3564,65107,2026-03-10 13:00-14:00,SUCCESS
coding_plan,cache-read(Text API),MiniMax-M2.5-highspeed,0.0000,0.0000,3354568,0,3354568,2026-03-10 12:00-13:00,SUCCESS
coding_plan,cache-read(Text API),MiniMax-M2.1,0.0000,0.0000,81880,0,81880,2026-03-10 12:00-13:00,SUCCESS
coding_plan,cache-read(Text API),MiniMax-M2.5,0.0000,0.0000,232674,0,232674,2026-03-10 12:00-13:00,SUCCESS
coding_plan,chatcompletion-v2(Text API),MiniMax-M2.5-highspeed,0.0000,0.0000,307415,13722,321137,2026-03-10 12:00-13:00,SUCCESS
coding_plan,chatcompletion-v2(Text API),MiniMax-M2,0.0000,0.0000,2446643,8254,2454897,2026-03-10 12:00-13:00,SUCCESS
coding_plan,chatcompletion-v2(Text API),MiniMax-M2.1,0.0000,0.0000,48467,728,49195,2026-03-10 12:00-13:00,SUCCESS
coding_plan,chatcompletion-v2(Text API),MiniMax-M2.5,0.0000,0.0000,39553,1755,41308,2026-03-10 12:00-13:00,SUCCESS
coding_plan,cache-read(Text API),MiniMax-M2.5-highspeed,0.0000,0.0000,1121621,0,1121621,2026-03-10 11:00-12:00,SUCCESS
coding_plan,cache-read(Text API),MiniMax-M2.1,0.0000,0.0000,65485,0,65485,2026-03-10 11:00-12:00,SUCCESS
coding_plan,cache-read(Text API),MiniMax-M2.5,0.0000,0.0000,721402,0,721402,2026-03-10 11:00-12:00,SUCCESS
coding_plan,chatcompletion-v2(Text API),MiniMax-M2.5-highspeed,0.0000,0.0000,72618,7463,80081,2026-03-10 11:00-12:00,SUCCESS
coding_plan,chatcompletion-v2(Text API),MiniMax-M2,0.0000,0.0000,1948900,14470,1963370,2026-03-10 11:00-12:00,SUCCESS
coding_plan,chatcompletion-v2(Text API),MiniMax-M2.1,0.0000,0.0000,22958,599,23557,2026-03-10 11:00-12:00,SUCCESS
coding_plan,chatcompletion-v2(Text API),MiniMax-M2.5,0.0000,0.0000,135291,4183,139474,2026-03-10 11:00-12:00,SUCCESS
coding_plan,cache-read(Text API),MiniMax-M2.5-highspeed,0.0000,0.0000,13749617,0,13749617,2026-03-10 10:00-11:00,SUCCESS
coding_plan,cache-read(Text API),MiniMax-M2.1,0.0000,0.0000,73264,0,73264,2026-03-10 10:00-11:00,SUCCESS
coding_plan,cache-read(Text API),MiniMax-M2.5,0.0000,0.0000,4372695,0,4372695,2026-03-10 10:00-11:00,SUCCESS
coding_plan,chatcompletion-v2(Text API),MiniMax-M2.5-highspeed,0.0000,0.0000,6687840,26210,6714050,2026-03-10 10:00-11:00,SUCCESS
coding_plan,chatcompletion-v2(Text API),MiniMax-M2,0.0000,0.0000,4280275,4942,4285217,2026-03-10 10:00-11:00,SUCCESS
coding_plan,chatcompletion-v2(Text API),MiniMax-M2.1,0.0000,0.0000,24108,639,24747,2026-03-10 10:00-11:00,SUCCESS
coding_plan,chatcompletion-v2(Text API),MiniMax-M2.5,0.0000,0.0000,693551,6183,699734,2026-03-10 10:00-11:00,SUCCESS
coding_plan,cache-read(Text API),MiniMax-M2.5-highspeed,0.0000,0.0000,1389734,0,1389734,2026-03-10 09:00-10:00,SUCCESS
coding_plan,cache-read(Text API),MiniMax-M2.1,0.0000,0.0000,65510,0,65510,2026-03-10 09:00-10:00,SUCCESS
coding_plan,cache-read(Text API),MiniMax-M2.5,0.0000,0.0000,336610,0,336610,2026-03-10 09:00-10:00,SUCCESS
coding_plan,chatcompletion-v2(Text API),MiniMax-M2.5-highspeed,0.0000,0.0000,302419,1077,303496,2026-03-10 09:00-10:00,SUCCESS
coding_plan,chatcompletion-v2(Text API),MiniMax-M2,0.0000,0.0000,4645982,19814,4665796,2026-03-10 09:00-10:00,SUCCESS
coding_plan,chatcompletion-v2(Text API),MiniMax-M2.1,0.0000,0.0000,17454,559,18013,2026-03-10 09:00-10:00,SUCCESS
coding_plan,chatcompletion-v2(Text API),MiniMax-M2.5,0.0000,0.0000,87536,3474,91010,2026-03-10 09:00-10:00,SUCCESS
coding_plan,cache-read(Text API),MiniMax-M2.5-highspeed,0.0000,0.0000,10574654,0,10574654,2026-03-10 08:00-09:00,SUCCESS
coding_plan,cache-read(Text API),MiniMax-M2.1,0.0000,0.0000,85613,0,85613,2026-03-10 08:00-09:00,SUCCESS
coding_plan,cache-read(Text API),MiniMax-M2.5,0.0000,0.0000,1728342,0,1728342,2026-03-10 08:00-09:00,SUCCESS
coding_plan,chatcompletion-v2(Text API),MiniMax-M2.5-highspeed,0.0000,0.0000,1526774,24158,1550932,2026-03-10 08:00-09:00,SUCCESS
coding_plan,chatcompletion-v2(Text API),MiniMax-M2,0.0000,0.0000,112162,1861,114023,2026-03-10 08:00-09:00,SUCCESS
coding_plan,chatcompletion-v2(Text API),MiniMax-M2.1,0.0000,0.0000,23496,830,24326,2026-03-10 08:00-09:00,SUCCESS
coding_plan,chatcompletion-v2(Text API),MiniMax-M2.5,0.0000,0.0000,147889,12388,160277,2026-03-10 08:00-09:00,SUCCESS
coding_plan,cache-read(Text API),MiniMax-M2.5-highspeed,0.0000,0.0000,10466604,0,10466604,2026-03-10 07:00-08:00,SUCCESS
coding_plan,cache-read(Text API),MiniMax-M2.1,0.0000,0.0000,85557,0,85557,2026-03-10 07:00-08:00,SUCCESS
coding_plan,cache-read(Text API),MiniMax-M2.5,0.0000,0.0000,769466,0,769466,2026-03-10 07:00-08:00,SUCCESS
coding_plan,chatcompletion-v2(Text API),MiniMax-M2.5-highspeed,0.0000,0.0000,559542,27862,587404,2026-03-10 07:00-08:00,SUCCESS
coding_plan,chatcompletion-v2(Text API),MiniMax-M2,0.0000,0.0000,2574899,14837,2589736,2026-03-10 07:00-08:00,SUCCESS
coding_plan,chatcompletion-v2(Text API),MiniMax-M2.1,0.0000,0.0000,23316,639,23955,2026-03-10 07:00-08:00,SUCCESS
coding_plan,chatcompletion-v2(Text API),MiniMax-M2.5,0.0000,0.0000,71874,3752,75626,2026-03-10 07:00-08:00,SUCCESS
coding_plan,cache-read(Text API),MiniMax-M2.1,0.0000,0.0000,54767,0,54767,2026-03-10 06:00-07:00,SUCCESS
coding_plan,cache-read(Text API),MiniMax-M2.5,0.0000,0.0000,202933,0,202933,2026-03-10 06:00-07:00,SUCCESS
coding_plan,chatcompletion-v2(Text API),MiniMax-M2,0.0000,0.0000,157301,2638,159939,2026-03-10 06:00-07:00,SUCCESS
coding_plan,chatcompletion-v2(Text API),MiniMax-M2.1,0.0000,0.0000,23140,479,23619,2026-03-10 06:00-07:00,SUCCESS
coding_plan,chatcompletion-v2(Text API),MiniMax-M2.5,0.0000,0.0000,23839,2847,26686,2026-03-10 06:00-07:00,SUCCESS
coding_plan,cache-read(Text API),MiniMax-M2.1,0.0000,0.0000,85597,0,85597,2026-03-10 05:00-06:00,SUCCESS
coding_plan,cache-read(Text API),MiniMax-M2.5,0.0000,0.0000,47362,0,47362,2026-03-10 05:00-06:00,SUCCESS
coding_plan,chatcompletion-v2(Text API),MiniMax-M2,0.0000,0.0000,936547,7105,943652,2026-03-10 05:00-06:00,SUCCESS
coding_plan,chatcompletion-v2(Text API),MiniMax-M2.1,0.0000,0.0000,23462,608,24070,2026-03-10 05:00-06:00,SUCCESS
coding_plan,chatcompletion-v2(Text API),MiniMax-M2.5,0.0000,0.0000,14308,589,14897,2026-03-10 05:00-06:00,SUCCESS
coding_plan,cache-read(Text API),MiniMax-M2.1,0.0000,0.0000,70171,0,70171,2026-03-10 04:00-05:00,SUCCESS
coding_plan,cache-read(Text API),MiniMax-M2.5,0.0000,0.0000,105703,0,105703,2026-03-10 04:00-05:00,SUCCESS
coding_plan,chatcompletion-v2(Text API),MiniMax-M2,0.0000,0.0000,133694,1583,135277,2026-03-10 04:00-05:00,SUCCESS
coding_plan,chatcompletion-v2(Text API),MiniMax-M2.1,0.0000,0.0000,25979,552,26531,2026-03-10 04:00-05:00,SUCCESS
coding_plan,chatcompletion-v2(Text API),MiniMax-M2.5,0.0000,0.0000,20624,1260,21884,2026-03-10 04:00-05:00,SUCCESS
coding_plan,cache-read(Text API),MiniMax-M2.1,0.0000,0.0000,84848,0,84848,2026-03-10 03:00-04:00,SUCCESS
coding_plan,cache-read(Text API),MiniMax-M2.5,0.0000,0.0000,348039,0,348039,2026-03-10 03:00-04:00,SUCCESS
coding_plan,chatcompletion-v2(Text API),MiniMax-M2,0.0000,0.0000,1103477,9674,1113151,2026-03-10 03:00-04:00,SUCCESS
coding_plan,chatcompletion-v2(Text API),MiniMax-M2.1,0.0000,0.0000,24244,820,25064,2026-03-10 03:00-04:00,SUCCESS
coding_plan,chatcompletion-v2(Text API),MiniMax-M2.5,0.0000,0.0000,41316,2525,43841,2026-03-10 03:00-04:00,SUCCESS
coding_plan,cache-read(Text API),MiniMax-M2.1,0.0000,0.0000,85653,0,85653,2026-03-10 02:00-03:00,SUCCESS
coding_plan,cache-read(Text API),MiniMax-M2.5,0.0000,0.0000,279370,0,279370,2026-03-10 02:00-03:00,SUCCESS
coding_plan,chatcompletion-v2(Text API),MiniMax-M2,0.0000,0.0000,533958,5181,539139,2026-03-10 02:00-03:00,SUCCESS
coding_plan,chatcompletion-v2(Text API),MiniMax-M2.1,0.0000,0.0000,22634,669,23303,2026-03-10 02:00-03:00,SUCCESS
coding_plan,chatcompletion-v2(Text API),MiniMax-M2.5,0.0000,0.0000,30797,2893,33690,2026-03-10 02:00-03:00,SUCCESS
coding_plan,cache-read(Text API),MiniMax-M2.1,0.0000,0.0000,71121,0,71121,2026-03-10 01:00-02:00,SUCCESS
coding_plan,cache-read(Text API),MiniMax-M2.5,0.0000,0.0000,645711,0,645711,2026-03-10 01:00-02:00,SUCCESS
coding_plan,chatcompletion-v2(Text API),MiniMax-M2,0.0000,0.0000,1173096,9398,1182494,2026-03-10 01:00-02:00,SUCCESS
coding_plan,chatcompletion-v2(Text API),MiniMax-M2.1,0.0000,0.0000,37898,555,38453,2026-03-10 01:00-02:00,SUCCESS
coding_plan,chatcompletion-v2(Text API),MiniMax-M2.5,0.0000,0.0000,42993,5124,48117,2026-03-10 01:00-02:00,SUCCESS
coding_plan,cache-read(Text API),MiniMax-M2.1,0.0000,0.0000,85554,0,85554,2026-03-10 00:00-01:00,SUCCESS
coding_plan,cache-read(Text API),MiniMax-M2.5,0.0000,0.0000,227071,0,227071,2026-03-10 00:00-01:00,SUCCESS
coding_plan,chatcompletion-v2(Text API),MiniMax-M2,0.0000,0.0000,284051,2007,286058,2026-03-10 00:00-01:00,SUCCESS
coding_plan,chatcompletion-v2(Text API),MiniMax-M2.1,0.0000,0.0000,23361,597,23958,2026-03-10 00:00-01:00,SUCCESS
coding_plan,chatcompletion-v2(Text API),MiniMax-M2.5,0.0000,0.0000,130661,2092,132753,2026-03-10 00:00-01:00,SUCCESS
coding_plan,cache-read(Text API),MiniMax-M2.5-highspeed,0.0000,0.0000,23527259,0,23527259,2026-03-09 23:00-24:00,SUCCESS
coding_plan,cache-read(Text API),MiniMax-M2.1,0.0000,0.0000,85650,0,85650,2026-03-09 23:00-24:00,SUCCESS
coding_plan,cache-read(Text API),MiniMax-M2.5,0.0000,0.0000,277485,0,277485,2026-03-09 23:00-24:00,SUCCESS
coding_plan,chatcompletion-v2(Text API),MiniMax-M2.5-highspeed,0.0000,0.0000,687807,22992,710799,2026-03-09 23:00-24:00,SUCCESS
coding_plan,chatcompletion-v2(Text API),MiniMax-M2,0.0000,0.0000,5135089,14449,5149538,2026-03-09 23:00-24:00,SUCCESS
coding_plan,chatcompletion-v2(Text API),MiniMax-M2.1,0.0000,0.0000,23638,1055,24693,2026-03-09 23:00-24:00,SUCCESS
coding_plan,chatcompletion-v2(Text API),MiniMax-M2.5,0.0000,0.0000,23547,2603,26150,2026-03-09 23:00-24:00,SUCCESS
coding_plan,cache-read(Text API),MiniMax-M2.5-highspeed,0.0000,0.0000,7694613,0,7694613,2026-03-09 22:00-23:00,SUCCESS
coding_plan,cache-read(Text API),MiniMax-M2.1,0.0000,0.0000,84648,0,84648,2026-03-09 22:00-23:00,SUCCESS
coding_plan,cache-read(Text API),MiniMax-M2.5,0.0000,0.0000,250524,0,250524,2026-03-09 22:00-23:00,SUCCESS
coding_plan,chatcompletion-v2(Text API),MiniMax-M2.5-highspeed,0.0000,0.0000,2209436,15064,2224500,2026-03-09 22:00-23:00,SUCCESS
coding_plan,chatcompletion-v2(Text API),MiniMax-M2,0.0000,0.0000,2263831,2759,2266590,2026-03-09 22:00-23:00,SUCCESS
coding_plan,chatcompletion-v2(Text API),MiniMax-M2.1,0.0000,0.0000,24442,727,25169,2026-03-09 22:00-23:00,SUCCESS
coding_plan,chatcompletion-v2(Text API),MiniMax-M2.5,0.0000,0.0000,45862,3070,48932,2026-03-09 22:00-23:00,SUCCESS
coding_plan,cache-read(Text API),MiniMax-M2.5-highspeed,0.0000,0.0000,8999010,0,8999010,2026-03-09 21:00-22:00,SUCCESS
coding_plan,cache-read(Text API),MiniMax-M2.1,0.0000,0.0000,102535,0,102535,2026-03-09 21:00-22:00,SUCCESS
coding_plan,cache-read(Text API),MiniMax-M2.5,0.0000,0.0000,280495,0,280495,2026-03-09 21:00-22:00,SUCCESS
coding_plan,chatcompletion-v2(Text API),MiniMax-M2.5-highspeed,0.0000,0.0000,3038216,12336,3050552,2026-03-09 21:00-22:00,SUCCESS
coding_plan,chatcompletion-v2(Text API),MiniMax-M2,0.0000,0.0000,2955110,8553,2963663,2026-03-09 21:00-22:00,SUCCESS
coding_plan,chatcompletion-v2(Text API),MiniMax-M2.1,0.0000,0.0000,38141,799,38940,2026-03-09 21:00-22:00,SUCCESS
coding_plan,chatcompletion-v2(Text API),MiniMax-M2.5,0.0000,0.0000,33590,2143,35733,2026-03-09 21:00-22:00,SUCCESS
coding_plan,cache-read(Text API),MiniMax-M2.5-highspeed,0.0000,0.0000,9293971,0,9293971,2026-03-09 20:00-21:00,SUCCESS
coding_plan,cache-read(Text API),MiniMax-M2.1,0.0000,0.0000,85093,0,85093,2026-03-09 20:00-21:00,SUCCESS
coding_plan,cache-read(Text API),MiniMax-M2.5,0.0000,0.0000,380480,0,380480,2026-03-09 20:00-21:00,SUCCESS
coding_plan,chatcompletion-v2(Text API),MiniMax-M2.5-highspeed,0.0000,0.0000,1477621,8580,1486201,2026-03-09 20:00-21:00,SUCCESS
coding_plan,chatcompletion-v2(Text API),MiniMax-M2,0.0000,0.0000,1052266,2126,1054392,2026-03-09 20:00-21:00,SUCCESS
coding_plan,chatcompletion-v2(Text API),MiniMax-M2.1,0.0000,0.0000,24054,746,24800,2026-03-09 20:00-21:00,SUCCESS
coding_plan,chatcompletion-v2(Text API),MiniMax-M2.5,0.0000,0.0000,30220,2490,32710,2026-03-09 20:00-21:00,SUCCESS
coding_plan,cache-read(Text API),MiniMax-M2.1,0.0000,0.0000,69584,0,69584,2026-03-09 19:00-20:00,SUCCESS
coding_plan,cache-read(Text API),MiniMax-M2.5,0.0000,0.0000,438229,0,438229,2026-03-09 19:00-20:00,SUCCESS
coding_plan,chatcompletion-v2(Text API),MiniMax-M2,0.0000,0.0000,2746558,17172,2763730,2026-03-09 19:00-20:00,SUCCESS
coding_plan,chatcompletion-v2(Text API),MiniMax-M2.1,0.0000,0.0000,23331,563,23894,2026-03-09 19:00-20:00,SUCCESS
coding_plan,chatcompletion-v2(Text API),MiniMax-M2.5,0.0000,0.0000,33845,2941,36786,2026-03-09 19:00-20:00,SUCCESS
coding_plan,cache-read(Text API),MiniMax-M2.1,0.0000,0.0000,85445,0,85445,2026-03-09 18:00-19:00,SUCCESS
coding_plan,cache-read(Text API),MiniMax-M2.5,0.0000,0.0000,315700,0,315700,2026-03-09 18:00-19:00,SUCCESS
coding_plan,chatcompletion-v2(Text API),MiniMax-M2,0.0000,0.0000,1041367,2014,1043381,2026-03-09 18:00-19:00,SUCCESS
coding_plan,chatcompletion-v2(Text API),MiniMax-M2.1,0.0000,0.0000,23459,709,24168,2026-03-09 18:00-19:00,SUCCESS
coding_plan,chatcompletion-v2(Text API),MiniMax-M2.5,0.0000,0.0000,71679,4012,75691,2026-03-09 18:00-19:00,SUCCESS
coding_plan,cache-read(Text API),MiniMax-M2.1,0.0000,0.0000,62936,0,62936,2026-03-09 17:00-18:00,SUCCESS
coding_plan,cache-read(Text API),MiniMax-M2.5,0.0000,0.0000,623984,0,623984,2026-03-09 17:00-18:00,SUCCESS
coding_plan,chatcompletion-v2(Text API),MiniMax-M2,0.0000,0.0000,508783,1557,510340,2026-03-09 17:00-18:00,SUCCESS
coding_plan,chatcompletion-v2(Text API),MiniMax-M2.1,0.0000,0.0000,97242,899,98141,2026-03-09 17:00-18:00,SUCCESS
coding_plan,chatcompletion-v2(Text API),MiniMax-M2.5,0.0000,0.0000,38736,3480,42216,2026-03-09 17:00-18:00,SUCCESS
coding_plan,cache-read(Text API),MiniMax-M2.5-highspeed,0.0000,0.0000,2060888,0,2060888,2026-03-09 16:00-17:00,SUCCESS
coding_plan,cache-read(Text API),MiniMax-M2.1,0.0000,0.0000,53129,0,53129,2026-03-09 16:00-17:00,SUCCESS
coding_plan,cache-read(Text API),MiniMax-M2.5,0.0000,0.0000,221748,0,221748,2026-03-09 16:00-17:00,SUCCESS
coding_plan,chatcompletion-v2(Text API),MiniMax-M2.5-highspeed,0.0000,0.0000,505090,3333,508423,2026-03-09 16:00-17:00,SUCCESS
coding_plan,chatcompletion-v2(Text API),MiniMax-M2,0.0000,0.0000,1090709,2955,1093664,2026-03-09 16:00-17:00,SUCCESS
coding_plan,chatcompletion-v2(Text API),MiniMax-M2.1,0.0000,0.0000,22465,617,23082,2026-03-09 16:00-17:00,SUCCESS
coding_plan,chatcompletion-v2(Text API),MiniMax-M2.5,0.0000,0.0000,26420,2461,28881,2026-03-09 16:00-17:00,SUCCESS
coding_plan,cache-read(Text API),MiniMax-M2.5-highspeed,0.0000,0.0000,1283769,0,1283769,2026-03-09 15:00-16:00,SUCCESS
coding_plan,cache-read(Text API),MiniMax-M2.1,0.0000,0.0000,98395,0,98395,2026-03-09 15:00-16:00,SUCCESS
coding_plan,cache-read(Text API),MiniMax-M2.5,0.0000,0.0000,530539,0,530539,2026-03-09 15:00-16:00,SUCCESS
coding_plan,chatcompletion-v2(Text API),MiniMax-M2.5-highspeed,0.0000,0.0000,968536,2353,970889,2026-03-09 15:00-16:00,SUCCESS
coding_plan,chatcompletion-v2(Text API),MiniMax-M2,0.0000,0.0000,2019034,11473,2030507,2026-03-09 15:00-16:00,SUCCESS
coding_plan,chatcompletion-v2(Text API),MiniMax-M2.1,0.0000,0.0000,23039,938,23977,2026-03-09 15:00-16:00,SUCCESS
coding_plan,chatcompletion-v2(Text API),MiniMax-M2.5,0.0000,0.0000,40068,2927,42995,2026-03-09 15:00-16:00,SUCCESS
coding_plan,cache-read(Text API),MiniMax-M2.5-highspeed,0.0000,0.0000,10562751,0,10562751,2026-03-09 14:00-15:00,SUCCESS
coding_plan,cache-read(Text API),MiniMax-M2.1,0.0000,0.0000,111904,0,111904,2026-03-09 14:00-15:00,SUCCESS
coding_plan,cache-read(Text API),MiniMax-M2.5,0.0000,0.0000,284694,0,284694,2026-03-09 14:00-15:00,SUCCESS
coding_plan,chatcompletion-v2(Text API),MiniMax-M2.5-highspeed,0.0000,0.0000,778670,13536,792206,2026-03-09 14:00-15:00,SUCCESS
coding_plan,chatcompletion-v2(Text API),MiniMax-M2,0.0000,0.0000,102309,1325,103634,2026-03-09 14:00-15:00,SUCCESS
coding_plan,chatcompletion-v2(Text API),MiniMax-M2.1,0.0000,0.0000,17410,758,18168,2026-03-09 14:00-15:00,SUCCESS
coding_plan,chatcompletion-v2(Text API),MiniMax-M2.5,0.0000,0.0000,48481,2685,51166,2026-03-09 14:00-15:00,SUCCESS
coding_plan,cache-read(Text API),MiniMax-M2.5-highspeed,0.0000,0.0000,8776185,0,8776185,2026-03-09 13:00-14:00,SUCCESS
coding_plan,cache-read(Text API),MiniMax-M2.1,0.0000,0.0000,60471,0,60471,2026-03-09 13:00-14:00,SUCCESS
coding_plan,cache-read(Text API),MiniMax-M2.5,0.0000,0.0000,326428,0,326428,2026-03-09 13:00-14:00,SUCCESS
coding_plan,chatcompletion-v2(Text API),MiniMax-M2.5-highspeed,0.0000,0.0000,759439,16232,775671,2026-03-09 13:00-14:00,SUCCESS
coding_plan,chatcompletion-v2(Text API),MiniMax-M2,0.0000,0.0000,1281549,10327,1291876,2026-03-09 13:00-14:00,SUCCESS
coding_plan,chatcompletion-v2(Text API),MiniMax-M2.1,0.0000,0.0000,17700,686,18386,2026-03-09 13:00-14:00,SUCCESS
coding_plan,chatcompletion-v2(Text API),MiniMax-M2.5,0.0000,0.0000,28494,3100,31594,2026-03-09 13:00-14:00,SUCCESS
coding_plan,cache-read(Text API),MiniMax-M2.5-highspeed,0.0000,0.0000,214982,0,214982,2026-03-09 12:00-13:00,SUCCESS
coding_plan,cache-read(Text API),MiniMax-M2.1,0.0000,0.0000,83656,0,83656,2026-03-09 12:00-13:00,SUCCESS
coding_plan,cache-read(Text API),MiniMax-M2.5,0.0000,0.0000,1028093,0,1028093,2026-03-09 12:00-13:00,SUCCESS
coding_plan,chatcompletion-v2(Text API),MiniMax-M2.5-highspeed,0.0000,0.0000,108378,196,108574,2026-03-09 12:00-13:00,SUCCESS
coding_plan,chatcompletion-v2(Text API),MiniMax-M2,0.0000,0.0000,637081,2122,639203,2026-03-09 12:00-13:00,SUCCESS
coding_plan,chatcompletion-v2(Text API),MiniMax-M2.1,0.0000,0.0000,23429,743,24172,2026-03-09 12:00-13:00,SUCCESS
coding_plan,chatcompletion-v2(Text API),MiniMax-M2.5,0.0000,0.0000,66207,6664,72871,2026-03-09 12:00-13:00,SUCCESS
coding_plan,cache-read(Text API),MiniMax-M2.5-highspeed,0.0000,0.0000,317133,0,317133,2026-03-09 11:00-12:00,SUCCESS
coding_plan,cache-read(Text API),MiniMax-M2.1,0.0000,0.0000,61830,0,61830,2026-03-09 11:00-12:00,SUCCESS
coding_plan,cache-read(Text API),MiniMax-M2.5,0.0000,0.0000,501780,0,501780,2026-03-09 11:00-12:00,SUCCESS
coding_plan,chatcompletion-v2(Text API),MiniMax-M2.5-highspeed,0.0000,0.0000,423306,403,423709,2026-03-09 11:00-12:00,SUCCESS
coding_plan,chatcompletion-v2(Text API),MiniMax-M2,0.0000,0.0000,1395078,8449,1403527,2026-03-09 11:00-12:00,SUCCESS
coding_plan,chatcompletion-v2(Text API),MiniMax-M2.1,0.0000,0.0000,96441,866,97307,2026-03-09 11:00-12:00,SUCCESS
coding_plan,chatcompletion-v2(Text API),MiniMax-M2.5,0.0000,0.0000,57382,3477,60859,2026-03-09 11:00-12:00,SUCCESS
coding_plan,cache-read(Text API),MiniMax-M2.5-highspeed,0.0000,0.0000,415768,0,415768,2026-03-09 10:00-11:00,SUCCESS
coding_plan,cache-read(Text API),MiniMax-M2.1,0.0000,0.0000,62160,0,62160,2026-03-09 10:00-11:00,SUCCESS
coding_plan,cache-read(Text API),MiniMax-M2.5,0.0000,0.0000,477334,0,477334,2026-03-09 10:00-11:00,SUCCESS
coding_plan,chatcompletion-v2(Text API),MiniMax-M2.5-highspeed,0.0000,0.0000,510453,3551,514004,2026-03-09 10:00-11:00,SUCCESS
coding_plan,chatcompletion-v2(Text API),MiniMax-M2,0.0000,0.0000,578159,1767,579926,2026-03-09 10:00-11:00,SUCCESS
coding_plan,chatcompletion-v2(Text API),MiniMax-M2.1,0.0000,0.0000,45886,704,46590,2026-03-09 10:00-11:00,SUCCESS
coding_plan,chatcompletion-v2(Text API),MiniMax-M2.5,0.0000,0.0000,28048,3547,31595,2026-03-09 10:00-11:00,SUCCESS
coding_plan,cache-read(Text API),MiniMax-M2.5-highspeed,0.0000,0.0000,282794,0,282794,2026-03-09 09:00-10:00,SUCCESS
coding_plan,cache-read(Text API),MiniMax-M2.1,0.0000,0.0000,54222,0,54222,2026-03-09 09:00-10:00,SUCCESS
coding_plan,cache-read(Text API),MiniMax-M2.5,0.0000,0.0000,246629,0,246629,2026-03-09 09:00-10:00,SUCCESS
coding_plan,chatcompletion-v2(Text API),MiniMax-M2.5-highspeed,0.0000,0.0000,189766,253,190019,2026-03-09 09:00-10:00,SUCCESS
coding_plan,chatcompletion-v2(Text API),MiniMax-M2,0.0000,0.0000,1676658,11845,1688503,2026-03-09 09:00-10:00,SUCCESS
coding_plan,chatcompletion-v2(Text API),MiniMax-M2.1,0.0000,0.0000,37937,652,38589,2026-03-09 09:00-10:00,SUCCESS
coding_plan,chatcompletion-v2(Text API),MiniMax-M2.5,0.0000,0.0000,60794,2945,63739,2026-03-09 09:00-10:00,SUCCESS
coding_plan,cache-read(Text API),MiniMax-M2.5-highspeed,0.0000,0.0000,93173,0,93173,2026-03-09 08:00-09:00,SUCCESS
coding_plan,cache-read(Text API),MiniMax-M2.1,0.0000,0.0000,53040,0,53040,2026-03-09 08:00-09:00,SUCCESS
coding_plan,cache-read(Text API),MiniMax-M2.5,0.0000,0.0000,528270,0,528270,2026-03-09 08:00-09:00,SUCCESS
coding_plan,chatcompletion-v2(Text API),MiniMax-M2.5-highspeed,0.0000,0.0000,179708,272,179980,2026-03-09 08:00-09:00,SUCCESS
coding_plan,chatcompletion-v2(Text API),MiniMax-M2,0.0000,0.0000,524700,1719,526419,2026-03-09 08:00-09:00,SUCCESS
coding_plan,chatcompletion-v2(Text API),MiniMax-M2.1,0.0000,0.0000,24101,621,24722,2026-03-09 08:00-09:00,SUCCESS
coding_plan,chatcompletion-v2(Text API),MiniMax-M2.5,0.0000,0.0000,43764,3814,47578,2026-03-09 08:00-09:00,SUCCESS
coding_plan,cache-read(Text API),MiniMax-M2.5-highspeed,0.0000,0.0000,352182,0,352182,2026-03-09 07:00-08:00,SUCCESS
coding_plan,cache-read(Text API),MiniMax-M2.1,0.0000,0.0000,82552,0,82552,2026-03-09 07:00-08:00,SUCCESS
coding_plan,cache-read(Text API),MiniMax-M2.5,0.0000,0.0000,401545,0,401545,2026-03-09 07:00-08:00,SUCCESS
coding_plan,chatcompletion-v2(Text API),MiniMax-M2.5-highspeed,0.0000,0.0000,345909,1490,347399,2026-03-09 07:00-08:00,SUCCESS
coding_plan,chatcompletion-v2(Text API),MiniMax-M2,0.0000,0.0000,1800699,11095,1811794,2026-03-09 07:00-08:00,SUCCESS
coding_plan,chatcompletion-v2(Text API),MiniMax-M2.1,0.0000,0.0000,24601,744,25345,2026-03-09 07:00-08:00,SUCCESS
coding_plan,chatcompletion-v2(Text API),MiniMax-M2.5,0.0000,0.0000,30194,2431,32625,2026-03-09 07:00-08:00,SUCCESS
coding_plan,cache-read(Text API),MiniMax-M2.5-highspeed,0.0000,0.0000,165614,0,165614,2026-03-09 06:00-07:00,SUCCESS
coding_plan,cache-read(Text API),MiniMax-M2.1,0.0000,0.0000,83642,0,83642,2026-03-09 06:00-07:00,SUCCESS
coding_plan,cache-read(Text API),MiniMax-M2.5,0.0000,0.0000,313440,0,313440,2026-03-09 06:00-07:00,SUCCESS
coding_plan,chatcompletion-v2(Text API),MiniMax-M2.5-highspeed,0.0000,0.0000,83513,667,84180,2026-03-09 06:00-07:00,SUCCESS
coding_plan,chatcompletion-v2(Text API),MiniMax-M2,0.0000,0.0000,727857,3517,731374,2026-03-09 06:00-07:00,SUCCESS
coding_plan,chatcompletion-v2(Text API),MiniMax-M2.1,0.0000,0.0000,24366,593,24959,2026-03-09 06:00-07:00,SUCCESS
coding_plan,chatcompletion-v2(Text API),MiniMax-M2.5,0.0000,0.0000,61754,3303,65057,2026-03-09 06:00-07:00,SUCCESS
coding_plan,cache-read(Text API),MiniMax-M2.5-highspeed,0.0000,0.0000,156864,0,156864,2026-03-09 05:00-06:00,SUCCESS
coding_plan,cache-read(Text API),MiniMax-M2.1,0.0000,0.0000,133160,0,133160,2026-03-09 05:00-06:00,SUCCESS
coding_plan,cache-read(Text API),MiniMax-M2.5,0.0000,0.0000,382528,0,382528,2026-03-09 05:00-06:00,SUCCESS
coding_plan,chatcompletion-v2(Text API),MiniMax-M2.5-highspeed,0.0000,0.0000,154589,444,155033,2026-03-09 05:00-06:00,SUCCESS
coding_plan,chatcompletion-v2(Text API),MiniMax-M2,0.0000,0.0000,673625,4241,677866,2026-03-09 05:00-06:00,SUCCESS
coding_plan,chatcompletion-v2(Text API),MiniMax-M2.1,0.0000,0.0000,31150,1566,32716,2026-03-09 05:00-06:00,SUCCESS
coding_plan,chatcompletion-v2(Text API),MiniMax-M2.5,0.0000,0.0000,54720,4164,58884,2026-03-09 05:00-06:00,SUCCESS
coding_plan,cache-read(Text API),MiniMax-M2.5-highspeed,0.0000,0.0000,150469,0,150469,2026-03-09 04:00-05:00,SUCCESS
coding_plan,cache-read(Text API),MiniMax-M2.1,0.0000,0.0000,82369,0,82369,2026-03-09 04:00-05:00,SUCCESS
coding_plan,cache-read(Text API),MiniMax-M2.5,0.0000,0.0000,340202,0,340202,2026-03-09 04:00-05:00,SUCCESS
coding_plan,chatcompletion-v2(Text API),MiniMax-M2.5-highspeed,0.0000,0.0000,76034,391,76425,2026-03-09 04:00-05:00,SUCCESS
coding_plan,chatcompletion-v2(Text API),MiniMax-M2,0.0000,0.0000,471084,2152,473236,2026-03-09 04:00-05:00,SUCCESS
coding_plan,chatcompletion-v2(Text API),MiniMax-M2.1,0.0000,0.0000,24755,747,25502,2026-03-09 04:00-05:00,SUCCESS
coding_plan,chatcompletion-v2(Text API),MiniMax-M2.5,0.0000,0.0000,26335,2233,28568,2026-03-09 04:00-05:00,SUCCESS
coding_plan,cache-read(Text API),MiniMax-M2.5-highspeed,0.0000,0.0000,363414,0,363414,2026-03-09 03:00-04:00,SUCCESS
coding_plan,cache-read(Text API),MiniMax-M2.1,0.0000,0.0000,82564,0,82564,2026-03-09 03:00-04:00,SUCCESS
coding_plan,cache-read(Text API),MiniMax-M2.5,0.0000,0.0000,243467,0,243467,2026-03-09 03:00-04:00,SUCCESS
coding_plan,chatcompletion-v2(Text API),MiniMax-M2.5-highspeed,0.0000,0.0000,217361,1188,218549,2026-03-09 03:00-04:00,SUCCESS
coding_plan,chatcompletion-v2(Text API),MiniMax-M2,0.0000,0.0000,1368475,10437,1378912,2026-03-09 03:00-04:00,SUCCESS
coding_plan,chatcompletion-v2(Text API),MiniMax-M2.1,0.0000,0.0000,24606,782,25388,2026-03-09 03:00-04:00,SUCCESS
coding_plan,chatcompletion-v2(Text API),MiniMax-M2.5,0.0000,0.0000,34343,3103,37446,2026-03-09 03:00-04:00,SUCCESS
coding_plan,cache-read(Text API),MiniMax-M2.5-highspeed,0.0000,0.0000,73099,0,73099,2026-03-09 02:00-03:00,SUCCESS
coding_plan,cache-read(Text API),MiniMax-M2.1,0.0000,0.0000,47175,0,47175,2026-03-09 02:00-03:00,SUCCESS
coding_plan,cache-read(Text API),MiniMax-M2.5,0.0000,0.0000,550903,0,550903,2026-03-09 02:00-03:00,SUCCESS
coding_plan,chatcompletion-v2(Text API),MiniMax-M2.5-highspeed,0.0000,0.0000,206193,777,206970,2026-03-09 02:00-03:00,SUCCESS
coding_plan,chatcompletion-v2(Text API),MiniMax-M2,0.0000,0.0000,1011321,5373,1016694,2026-03-09 02:00-03:00,SUCCESS
coding_plan,chatcompletion-v2(Text API),MiniMax-M2.1,0.0000,0.0000,59961,766,60727,2026-03-09 02:00-03:00,SUCCESS
coding_plan,chatcompletion-v2(Text API),MiniMax-M2.5,0.0000,0.0000,40054,3863,43917,2026-03-09 02:00-03:00,SUCCESS
coding_plan,cache-read(Text API),MiniMax-M2.5-highspeed,0.0000,0.0000,192990,0,192990,2026-03-09 01:00-02:00,SUCCESS
coding_plan,cache-read(Text API),MiniMax-M2.1,0.0000,0.0000,82634,0,82634,2026-03-09 01:00-02:00,SUCCESS
coding_plan,cache-read(Text API),MiniMax-M2.5,0.0000,0.0000,382581,0,382581,2026-03-09 01:00-02:00,SUCCESS
coding_plan,chatcompletion-v2(Text API),MiniMax-M2.5-highspeed,0.0000,0.0000,128786,1019,129805,2026-03-09 01:00-02:00,SUCCESS
coding_plan,chatcompletion-v2(Text API),MiniMax-M2,0.0000,0.0000,1817616,9338,1826954,2026-03-09 01:00-02:00,SUCCESS
coding_plan,chatcompletion-v2(Text API),MiniMax-M2.1,0.0000,0.0000,23348,716,24064,2026-03-09 01:00-02:00,SUCCESS
coding_plan,chatcompletion-v2(Text API),MiniMax-M2.5,0.0000,0.0000,29401,4205,33606,2026-03-09 01:00-02:00,SUCCESS
coding_plan,cache-read(Text API),MiniMax-M2.5-highspeed,0.0000,0.0000,62639,0,62639,2026-03-09 00:00-01:00,SUCCESS
coding_plan,cache-read(Text API),MiniMax-M2.1,0.0000,0.0000,105397,0,105397,2026-03-09 00:00-01:00,SUCCESS
coding_plan,cache-read(Text API),MiniMax-M2.5,0.0000,0.0000,546097,0,546097,2026-03-09 00:00-01:00,SUCCESS
coding_plan,chatcompletion-v2(Text API),MiniMax-M2.5-highspeed,0.0000,0.0000,120079,191,120270,2026-03-09 00:00-01:00,SUCCESS
coding_plan,chatcompletion-v2(Text API),MiniMax-M2,0.0000,0.0000,304662,1954,306616,2026-03-09 00:00-01:00,SUCCESS
coding_plan,chatcompletion-v2(Text API),MiniMax-M2.1,0.0000,0.0000,25066,777,25843,2026-03-09 00:00-01:00,SUCCESS
coding_plan,chatcompletion-v2(Text API),MiniMax-M2.5,0.0000,0.0000,36520,4257,40777,2026-03-09 00:00-01:00,SUCCESS
coding_plan,cache-read(Text API),MiniMax-M2.5-highspeed,0.0000,0.0000,286224,0,286224,2026-03-08 23:00-24:00,SUCCESS
coding_plan,cache-read(Text API),MiniMax-M2.1,0.0000,0.0000,95139,0,95139,2026-03-08 23:00-24:00,SUCCESS
coding_plan,cache-read(Text API),MiniMax-M2.5,0.0000,0.0000,615806,0,615806,2026-03-08 23:00-24:00,SUCCESS
coding_plan,chatcompletion-v2(Text API),MiniMax-M2.5-highspeed,0.0000,0.0000,116037,466,116503,2026-03-08 23:00-24:00,SUCCESS
coding_plan,chatcompletion-v2(Text API),MiniMax-M2,0.0000,0.0000,1514774,10913,1525687,2026-03-08 23:00-24:00,SUCCESS
coding_plan,chatcompletion-v2(Text API),MiniMax-M2.1,0.0000,0.0000,17718,1012,18730,2026-03-08 23:00-24:00,SUCCESS
coding_plan,chatcompletion-v2(Text API),MiniMax-M2.5,0.0000,0.0000,33915,4314,38229,2026-03-08 23:00-24:00,SUCCESS
coding_plan,cache-read(Text API),MiniMax-M2.5-highspeed,0.0000,0.0000,105797,0,105797,2026-03-08 22:00-23:00,SUCCESS
coding_plan,cache-read(Text API),MiniMax-M2.1,0.0000,0.0000,68883,0,68883,2026-03-08 22:00-23:00,SUCCESS
coding_plan,cache-read(Text API),MiniMax-M2.5,0.0000,0.0000,233340,0,233340,2026-03-08 22:00-23:00,SUCCESS
coding_plan,chatcompletion-v2(Text API),MiniMax-M2.5-highspeed,0.0000,0.0000,53487,148,53635,2026-03-08 22:00-23:00,SUCCESS
coding_plan,chatcompletion-v2(Text API),MiniMax-M2,0.0000,0.0000,371163,1957,373120,2026-03-08 22:00-23:00,SUCCESS
coding_plan,chatcompletion-v2(Text API),MiniMax-M2.1,0.0000,0.0000,38171,785,38956,2026-03-08 22:00-23:00,SUCCESS
coding_plan,chatcompletion-v2(Text API),MiniMax-M2.5,0.0000,0.0000,23131,2375,25506,2026-03-08 22:00-23:00,SUCCESS
coding_plan,cache-read(Text API),MiniMax-M2.5-highspeed,0.0000,0.0000,153965,0,153965,2026-03-08 21:00-22:00,SUCCESS
coding_plan,cache-read(Text API),MiniMax-M2.1,0.0000,0.0000,83639,0,83639,2026-03-08 21:00-22:00,SUCCESS
coding_plan,cache-read(Text API),MiniMax-M2.5,0.0000,0.0000,180983,0,180983,2026-03-08 21:00-22:00,SUCCESS
coding_plan,chatcompletion-v2(Text API),MiniMax-M2.5-highspeed,0.0000,0.0000,101129,329,101458,2026-03-08 21:00-22:00,SUCCESS
coding_plan,chatcompletion-v2(Text API),MiniMax-M2,0.0000,0.0000,1521138,8968,1530106,2026-03-08 21:00-22:00,SUCCESS
coding_plan,chatcompletion-v2(Text API),MiniMax-M2.1,0.0000,0.0000,24301,595,24896,2026-03-08 21:00-22:00,SUCCESS
coding_plan,chatcompletion-v2(Text API),MiniMax-M2.5,0.0000,0.0000,20323,2328,22651,2026-03-08 21:00-22:00,SUCCESS
coding_plan,cache-read(Text API),MiniMax-M2.5-highspeed,0.0000,0.0000,141947,0,141947,2026-03-08 20:00-21:00,SUCCESS
coding_plan,cache-read(Text API),MiniMax-M2.1,0.0000,0.0000,108873,0,108873,2026-03-08 20:00-21:00,SUCCESS
coding_plan,cache-read(Text API),MiniMax-M2.5,0.0000,0.0000,257070,0,257070,2026-03-08 20:00-21:00,SUCCESS
coding_plan,chatcompletion-v2(Text API),MiniMax-M2.5-highspeed,0.0000,0.0000,94132,1114,95246,2026-03-08 20:00-21:00,SUCCESS
coding_plan,chatcompletion-v2(Text API),MiniMax-M2,0.0000,0.0000,415985,2610,418595,2026-03-08 20:00-21:00,SUCCESS
coding_plan,chatcompletion-v2(Text API),MiniMax-M2.1,0.0000,0.0000,24428,762,25190,2026-03-08 20:00-21:00,SUCCESS
coding_plan,chatcompletion-v2(Text API),MiniMax-M2.5,0.0000,0.0000,25024,2598,27622,2026-03-08 20:00-21:00,SUCCESS
coding_plan,cache-read(Text API),MiniMax-M2.5-highspeed,0.0000,0.0000,85758,0,85758,2026-03-08 19:00-20:00,SUCCESS
coding_plan,cache-read(Text API),MiniMax-M2.1,0.0000,0.0000,82374,0,82374,2026-03-08 19:00-20:00,SUCCESS
coding_plan,cache-read(Text API),MiniMax-M2.5,0.0000,0.0000,647023,0,647023,2026-03-08 19:00-20:00,SUCCESS
coding_plan,chatcompletion-v2(Text API),MiniMax-M2.5-highspeed,0.0000,0.0000,215205,941,216146,2026-03-08 19:00-20:00,SUCCESS
coding_plan,chatcompletion-v2(Text API),MiniMax-M2,0.0000,0.0000,1655935,17702,1673637,2026-03-08 19:00-20:00,SUCCESS
coding_plan,chatcompletion-v2(Text API),MiniMax-M2.1,0.0000,0.0000,24680,678,25358,2026-03-08 19:00-20:00,SUCCESS
coding_plan,chatcompletion-v2(Text API),MiniMax-M2.5,0.0000,0.0000,40324,3792,44116,2026-03-08 19:00-20:00,SUCCESS
coding_plan,cache-read(Text API),MiniMax-M2.5-highspeed,0.0000,0.0000,40656,0,40656,2026-03-08 18:00-19:00,SUCCESS
coding_plan,cache-read(Text API),MiniMax-M2.1,0.0000,0.0000,169361,0,169361,2026-03-08 18:00-19:00,SUCCESS
coding_plan,cache-read(Text API),MiniMax-M2.5,0.0000,0.0000,169638,0,169638,2026-03-08 18:00-19:00,SUCCESS
coding_plan,chatcompletion-v2(Text API),MiniMax-M2.5-highspeed,0.0000,0.0000,76261,136,76397,2026-03-08 18:00-19:00,SUCCESS
coding_plan,chatcompletion-v2(Text API),MiniMax-M2,0.0000,0.0000,67708,955,68663,2026-03-08 18:00-19:00,SUCCESS
coding_plan,chatcompletion-v2(Text API),MiniMax-M2.1,0.0000,0.0000,100010,906,100916,2026-03-08 18:00-19:00,SUCCESS
coding_plan,chatcompletion-v2(Text API),MiniMax-M2.5,0.0000,0.0000,25303,2742,28045,2026-03-08 18:00-19:00,SUCCESS
coding_plan,cache-read(Text API),MiniMax-M2.5-highspeed,0.0000,0.0000,149057,0,149057,2026-03-08 17:00-18:00,SUCCESS
coding_plan,cache-read(Text API),MiniMax-M2.1,0.0000,0.0000,78238,0,78238,2026-03-08 17:00-18:00,SUCCESS
coding_plan,cache-read(Text API),MiniMax-M2.5,0.0000,0.0000,383396,0,383396,2026-03-08 17:00-18:00,SUCCESS
coding_plan,chatcompletion-v2(Text API),MiniMax-M2.5-highspeed,0.0000,0.0000,107651,1563,109214,2026-03-08 17:00-18:00,SUCCESS
coding_plan,chatcompletion-v2(Text API),MiniMax-M2,0.0000,0.0000,961982,6774,968756,2026-03-08 17:00-18:00,SUCCESS
coding_plan,chatcompletion-v2(Text API),MiniMax-M2.1,0.0000,0.0000,24392,828,25220,2026-03-08 17:00-18:00,SUCCESS
coding_plan,chatcompletion-v2(Text API),MiniMax-M2.5,0.0000,0.0000,24396,3349,27745,2026-03-08 17:00-18:00,SUCCESS
coding_plan,cache-read(Text API),MiniMax-M2.1,0.0000,0.0000,80801,0,80801,2026-03-08 16:00-17:00,SUCCESS
coding_plan,cache-read(Text API),MiniMax-M2.5,0.0000,0.0000,415825,0,415825,2026-03-08 16:00-17:00,SUCCESS
coding_plan,chatcompletion-v2(Text API),MiniMax-M2,0.0000,0.0000,315167,2043,317210,2026-03-08 16:00-17:00,SUCCESS
coding_plan,chatcompletion-v2(Text API),MiniMax-M2.1,0.0000,0.0000,23937,714,24651,2026-03-08 16:00-17:00,SUCCESS
coding_plan,chatcompletion-v2(Text API),MiniMax-M2.5,0.0000,0.0000,35956,3600,39556,2026-03-08 16:00-17:00,SUCCESS
coding_plan,cache-read(Text API),MiniMax-M2.1,0.0000,0.0000,80797,0,80797,2026-03-08 15:00-16:00,SUCCESS
coding_plan,cache-read(Text API),MiniMax-M2.5,0.0000,0.0000,473019,0,473019,2026-03-08 15:00-16:00,SUCCESS
coding_plan,chatcompletion-v2(Text API),MiniMax-M2,0.0000,0.0000,1076424,8686,1085110,2026-03-08 15:00-16:00,SUCCESS
coding_plan,chatcompletion-v2(Text API),MiniMax-M2.1,0.0000,0.0000,23965,656,24621,2026-03-08 15:00-16:00,SUCCESS
coding_plan,chatcompletion-v2(Text API),MiniMax-M2.5,0.0000,0.0000,38286,2868,41154,2026-03-08 15:00-16:00,SUCCESS
coding_plan,cache-read(Text API),MiniMax-M2.1,0.0000,0.0000,67739,0,67739,2026-03-08 14:00-15:00,SUCCESS
coding_plan,cache-read(Text API),MiniMax-M2.5,0.0000,0.0000,447555,0,447555,2026-03-08 14:00-15:00,SUCCESS
coding_plan,chatcompletion-v2(Text API),MiniMax-M2,0.0000,0.0000,386307,3050,389357,2026-03-08 14:00-15:00,SUCCESS
coding_plan,chatcompletion-v2(Text API),MiniMax-M2.1,0.0000,0.0000,35836,644,36480,2026-03-08 14:00-15:00,SUCCESS
coding_plan,chatcompletion-v2(Text API),MiniMax-M2.5,0.0000,0.0000,32694,2689,35383,2026-03-08 14:00-15:00,SUCCESS
coding_plan,cache-read(Text API),MiniMax-M2.1,0.0000,0.0000,51851,0,51851,2026-03-08 13:00-14:00,SUCCESS
coding_plan,cache-read(Text API),MiniMax-M2.5,0.0000,0.0000,223999,0,223999,2026-03-08 13:00-14:00,SUCCESS
coding_plan,chatcompletion-v2(Text API),MiniMax-M2,0.0000,0.0000,1395655,7675,1403330,2026-03-08 13:00-14:00,SUCCESS
coding_plan,chatcompletion-v2(Text API),MiniMax-M2.1,0.0000,0.0000,22366,456,22822,2026-03-08 13:00-14:00,SUCCESS
coding_plan,chatcompletion-v2(Text API),MiniMax-M2.5,0.0000,0.0000,33804,2273,36077,2026-03-08 13:00-14:00,SUCCESS
coding_plan,cache-read(Text API),MiniMax-M2.1,0.0000,0.0000,82106,0,82106,2026-03-08 12:00-13:00,SUCCESS
coding_plan,cache-read(Text API),MiniMax-M2.5,0.0000,0.0000,821355,0,821355,2026-03-08 12:00-13:00,SUCCESS
coding_plan,chatcompletion-v2(Text API),MiniMax-M2,0.0000,0.0000,311233,2325,313558,2026-03-08 12:00-13:00,SUCCESS
coding_plan,chatcompletion-v2(Text API),MiniMax-M2.1,0.0000,0.0000,45568,862,46430,2026-03-08 12:00-13:00,SUCCESS
coding_plan,chatcompletion-v2(Text API),MiniMax-M2.5,0.0000,0.0000,55257,6096,61353,2026-03-08 12:00-13:00,SUCCESS
coding_plan,cache-read(Text API),MiniMax-M2.1,0.0000,0.0000,67850,0,67850,2026-03-08 11:00-12:00,SUCCESS
coding_plan,cache-read(Text API),MiniMax-M2.5,0.0000,0.0000,334578,0,334578,2026-03-08 11:00-12:00,SUCCESS
coding_plan,chatcompletion-v2(Text API),MiniMax-M2,0.0000,0.0000,1869796,10048,1879844,2026-03-08 11:00-12:00,SUCCESS
coding_plan,chatcompletion-v2(Text API),MiniMax-M2.1,0.0000,0.0000,35791,746,36537,2026-03-08 11:00-12:00,SUCCESS
coding_plan,chatcompletion-v2(Text API),MiniMax-M2.5,0.0000,0.0000,32470,2865,35335,2026-03-08 11:00-12:00,SUCCESS
coding_plan,cache-read(Text API),MiniMax-M2.1,0.0000,0.0000,407275,0,407275,2026-03-08 10:00-11:00,SUCCESS
coding_plan,cache-read(Text API),MiniMax-M2.5,0.0000,0.0000,286062,0,286062,2026-03-08 10:00-11:00,SUCCESS
coding_plan,chatcompletion-v2(Text API),MiniMax-M2,0.0000,0.0000,225376,2103,227479,2026-03-08 10:00-11:00,SUCCESS
coding_plan,chatcompletion-v2(Text API),MiniMax-M2.1,0.0000,0.0000,39326,2750,42076,2026-03-08 10:00-11:00,SUCCESS
coding_plan,chatcompletion-v2(Text API),MiniMax-M2.5,0.0000,0.0000,29869,4014,33883,2026-03-08 10:00-11:00,SUCCESS
coding_plan,cache-read(Text API),MiniMax-M2.1,0.0000,0.0000,82265,0,82265,2026-03-08 09:00-10:00,SUCCESS
coding_plan,cache-read(Text API),MiniMax-M2.5,0.0000,0.0000,450975,0,450975,2026-03-08 09:00-10:00,SUCCESS
coding_plan,chatcompletion-v2(Text API),MiniMax-M2,0.0000,0.0000,1221237,9892,1231129,2026-03-08 09:00-10:00,SUCCESS
coding_plan,chatcompletion-v2(Text API),MiniMax-M2.1,0.0000,0.0000,37259,877,38136,2026-03-08 09:00-10:00,SUCCESS
coding_plan,chatcompletion-v2(Text API),MiniMax-M2.5,0.0000,0.0000,32581,3297,35878,2026-03-08 09:00-10:00,SUCCESS
coding_plan,cache-read(Text API),MiniMax-M2.1,0.0000,0.0000,80802,0,80802,2026-03-08 08:00-09:00,SUCCESS
coding_plan,cache-read(Text API),MiniMax-M2.5,0.0000,0.0000,536467,0,536467,2026-03-08 08:00-09:00,SUCCESS
coding_plan,chatcompletion-v2(Text API),MiniMax-M2,0.0000,0.0000,237763,2369,240132,2026-03-08 08:00-09:00,SUCCESS
coding_plan,chatcompletion-v2(Text API),MiniMax-M2.1,0.0000,0.0000,23965,632,24597,2026-03-08 08:00-09:00,SUCCESS
coding_plan,chatcompletion-v2(Text API),MiniMax-M2.5,0.0000,0.0000,32766,4009,36775,2026-03-08 08:00-09:00,SUCCESS
coding_plan,cache-read(Text API),MiniMax-M2.1,0.0000,0.0000,506833,0,506833,2026-03-08 07:00-08:00,SUCCESS
coding_plan,cache-read(Text API),MiniMax-M2.5,0.0000,0.0000,440129,0,440129,2026-03-08 07:00-08:00,SUCCESS
coding_plan,chatcompletion-v2(Text API),MiniMax-M2,0.0000,0.0000,1737128,11420,1748548,2026-03-08 07:00-08:00,SUCCESS
coding_plan,chatcompletion-v2(Text API),MiniMax-M2.1,0.0000,0.0000,67038,3426,70464,2026-03-08 07:00-08:00,SUCCESS
coding_plan,chatcompletion-v2(Text API),MiniMax-M2.5,0.0000,0.0000,28886,3642,32528,2026-03-08 07:00-08:00,SUCCESS
coding_plan,cache-read(Text API),MiniMax-M2.1,0.0000,0.0000,80886,0,80886,2026-03-08 06:00-07:00,SUCCESS
coding_plan,cache-read(Text API),MiniMax-M2.5,0.0000,0.0000,222923,0,222923,2026-03-08 06:00-07:00,SUCCESS
coding_plan,chatcompletion-v2(Text API),MiniMax-M2,0.0000,0.0000,273164,2841,276005,2026-03-08 06:00-07:00,SUCCESS
coding_plan,chatcompletion-v2(Text API),MiniMax-M2.1,0.0000,0.0000,24114,728,24842,2026-03-08 06:00-07:00,SUCCESS
coding_plan,chatcompletion-v2(Text API),MiniMax-M2.5,0.0000,0.0000,38047,2719,40766,2026-03-08 06:00-07:00,SUCCESS
coding_plan,cache-read(Text API),MiniMax-M2.1,0.0000,0.0000,154936,0,154936,2026-03-08 05:00-06:00,SUCCESS
coding_plan,cache-read(Text API),MiniMax-M2.5,0.0000,0.0000,491529,0,491529,2026-03-08 05:00-06:00,SUCCESS
coding_plan,chatcompletion-v2(Text API),MiniMax-M2,0.0000,0.0000,543410,5077,548487,2026-03-08 05:00-06:00,SUCCESS
coding_plan,chatcompletion-v2(Text API),MiniMax-M2.1,0.0000,0.0000,115977,869,116846,2026-03-08 05:00-06:00,SUCCESS
coding_plan,chatcompletion-v2(Text API),MiniMax-M2.5,0.0000,0.0000,54467,2802,57269,2026-03-08 05:00-06:00,SUCCESS
coding_plan,cache-read(Text API),MiniMax-M2.1,0.0000,0.0000,72911,0,72911,2026-03-08 04:00-05:00,SUCCESS
coding_plan,cache-read(Text API),MiniMax-M2.5,0.0000,0.0000,715004,0,715004,2026-03-08 04:00-05:00,SUCCESS
coding_plan,chatcompletion-v2(Text API),MiniMax-M2,0.0000,0.0000,128877,1415,130292,2026-03-08 04:00-05:00,SUCCESS
coding_plan,chatcompletion-v2(Text API),MiniMax-M2.1,0.0000,0.0000,16381,616,16997,2026-03-08 04:00-05:00,SUCCESS
coding_plan,chatcompletion-v2(Text API),MiniMax-M2.5,0.0000,0.0000,62549,4105,66654,2026-03-08 04:00-05:00,SUCCESS
coding_plan,cache-read(Text API),MiniMax-M2.1,0.0000,0.0000,67769,0,67769,2026-03-08 03:00-04:00,SUCCESS
coding_plan,cache-read(Text API),MiniMax-M2.5,0.0000,0.0000,332476,0,332476,2026-03-08 03:00-04:00,SUCCESS
coding_plan,chatcompletion-v2(Text API),MiniMax-M2,0.0000,0.0000,2026463,15131,2041594,2026-03-08 03:00-04:00,SUCCESS
coding_plan,chatcompletion-v2(Text API),MiniMax-M2.1,0.0000,0.0000,36986,803,37789,2026-03-08 03:00-04:00,SUCCESS
coding_plan,chatcompletion-v2(Text API),MiniMax-M2.5,0.0000,0.0000,39106,3097,42203,2026-03-08 03:00-04:00,SUCCESS
coding_plan,cache-read(Text API),MiniMax-M2.1,0.0000,0.0000,67720,0,67720,2026-03-08 02:00-03:00,SUCCESS
coding_plan,cache-read(Text API),MiniMax-M2.5,0.0000,0.0000,211912,0,211912,2026-03-08 02:00-03:00,SUCCESS
coding_plan,chatcompletion-v2(Text API),MiniMax-M2,0.0000,0.0000,1892675,4395,1897070,2026-03-08 02:00-03:00,SUCCESS
coding_plan,chatcompletion-v2(Text API),MiniMax-M2.1,0.0000,0.0000,37118,612,37730,2026-03-08 02:00-03:00,SUCCESS
coding_plan,chatcompletion-v2(Text API),MiniMax-M2.5,0.0000,0.0000,31509,2941,34450,2026-03-08 02:00-03:00,SUCCESS
coding_plan,cache-read(Text API),MiniMax-M2.1,0.0000,0.0000,95313,0,95313,2026-03-08 01:00-02:00,SUCCESS
coding_plan,cache-read(Text API),MiniMax-M2.5,0.0000,0.0000,227972,0,227972,2026-03-08 01:00-02:00,SUCCESS
coding_plan,chatcompletion-v2(Text API),MiniMax-M2,0.0000,0.0000,1218053,10579,1228632,2026-03-08 01:00-02:00,SUCCESS
coding_plan,chatcompletion-v2(Text API),MiniMax-M2.1,0.0000,0.0000,24324,771,25095,2026-03-08 01:00-02:00,SUCCESS
coding_plan,chatcompletion-v2(Text API),MiniMax-M2.5,0.0000,0.0000,29519,3458,32977,2026-03-08 01:00-02:00,SUCCESS
coding_plan,cache-read(Text API),MiniMax-M2.5-highspeed,0.0000,0.0000,45306,0,45306,2026-03-08 00:00-01:00,SUCCESS
coding_plan,cache-read(Text API),MiniMax-M2.1,0.0000,0.0000,80828,0,80828,2026-03-08 00:00-01:00,SUCCESS
coding_plan,cache-read(Text API),MiniMax-M2.5,0.0000,0.0000,190420,0,190420,2026-03-08 00:00-01:00,SUCCESS
coding_plan,chatcompletion-v2(Text API),MiniMax-M2.5-highspeed,0.0000,0.0000,14797,1047,15844,2026-03-08 00:00-01:00,SUCCESS
coding_plan,chatcompletion-v2(Text API),MiniMax-M2,0.0000,0.0000,477895,2235,480130,2026-03-08 00:00-01:00,SUCCESS
coding_plan,chatcompletion-v2(Text API),MiniMax-M2.1,0.0000,0.0000,22665,665,23330,2026-03-08 00:00-01:00,SUCCESS
coding_plan,chatcompletion-v2(Text API),MiniMax-M2.5,0.0000,0.0000,16099,1164,17263,2026-03-08 00:00-01:00,SUCCESS
coding_plan,cache-read(Text API),MiniMax-M2.1,0.0000,0.0000,43389,0,43389,2026-03-07 23:00-24:00,SUCCESS
coding_plan,cache-read(Text API),MiniMax-M2.5,0.0000,0.0000,233544,0,233544,2026-03-07 23:00-24:00,SUCCESS
coding_plan,chatcompletion-v2(Text API),MiniMax-M2,0.0000,0.0000,2345261,12133,2357394,2026-03-07 23:00-24:00,SUCCESS
coding_plan,chatcompletion-v2(Text API),MiniMax-M2.1,0.0000,0.0000,17147,704,17851,2026-03-07 23:00-24:00,SUCCESS
coding_plan,chatcompletion-v2(Text API),MiniMax-M2.5,0.0000,0.0000,26812,2827,29639,2026-03-07 23:00-24:00,SUCCESS
coding_plan,cache-read(Text API),MiniMax-M2.1,0.0000,0.0000,80800,0,80800,2026-03-07 22:00-23:00,SUCCESS
coding_plan,cache-read(Text API),MiniMax-M2.5,0.0000,0.0000,196867,0,196867,2026-03-07 22:00-23:00,SUCCESS
coding_plan,chatcompletion-v2(Text API),MiniMax-M2,0.0000,0.0000,426132,2225,428357,2026-03-07 22:00-23:00,SUCCESS
coding_plan,chatcompletion-v2(Text API),MiniMax-M2.1,0.0000,0.0000,23965,598,24563,2026-03-07 22:00-23:00,SUCCESS
coding_plan,chatcompletion-v2(Text API),MiniMax-M2.5,0.0000,0.0000,28059,2161,30220,2026-03-07 22:00-23:00,SUCCESS
coding_plan,cache-read(Text API),MiniMax-M2.1,0.0000,0.0000,58357,0,58357,2026-03-07 21:00-22:00,SUCCESS
coding_plan,cache-read(Text API),MiniMax-M2.5,0.0000,0.0000,309015,0,309015,2026-03-07 21:00-22:00,SUCCESS
coding_plan,chatcompletion-v2(Text API),MiniMax-M2,0.0000,0.0000,1665162,8537,1673699,2026-03-07 21:00-22:00,SUCCESS
coding_plan,chatcompletion-v2(Text API),MiniMax-M2.1,0.0000,0.0000,16888,546,17434,2026-03-07 21:00-22:00,SUCCESS
coding_plan,chatcompletion-v2(Text API),MiniMax-M2.5,0.0000,0.0000,40071,2692,42763,2026-03-07 21:00-22:00,SUCCESS
coding_plan,cache-read(Text API),MiniMax-M2.5-highspeed,0.0000,0.0000,938411,0,938411,2026-03-07 20:00-21:00,SUCCESS
coding_plan,cache-read(Text API),MiniMax-M2.1,0.0000,0.0000,32125,0,32125,2026-03-07 20:00-21:00,SUCCESS
coding_plan,cache-read(Text API),MiniMax-M2.5,0.0000,0.0000,394447,0,394447,2026-03-07 20:00-21:00,SUCCESS
coding_plan,chatcompletion-v2(Text API),MiniMax-M2.5-highspeed,0.0000,0.0000,79207,2017,81224,2026-03-07 20:00-21:00,SUCCESS
coding_plan,chatcompletion-v2(Text API),MiniMax-M2,0.0000,0.0000,1184269,2871,1187140,2026-03-07 20:00-21:00,SUCCESS
coding_plan,chatcompletion-v2(Text API),MiniMax-M2.1,0.0000,0.0000,108679,680,109359,2026-03-07 20:00-21:00,SUCCESS
coding_plan,chatcompletion-v2(Text API),MiniMax-M2.5,0.0000,0.0000,32068,3657,35725,2026-03-07 20:00-21:00,SUCCESS
coding_plan,cache-read(Text API),MiniMax-M2.5-highspeed,0.0000,0.0000,3062926,0,3062926,2026-03-07 19:00-20:00,SUCCESS
coding_plan,cache-read(Text API),MiniMax-M2.1,0.0000,0.0000,95322,0,95322,2026-03-07 19:00-20:00,SUCCESS
coding_plan,cache-read(Text API),MiniMax-M2.5,0.0000,0.0000,59970,0,59970,2026-03-07 19:00-20:00,SUCCESS
coding_plan,chatcompletion-v2(Text API),MiniMax-M2.5-highspeed,0.0000,0.0000,153352,6609,159961,2026-03-07 19:00-20:00,SUCCESS
coding_plan,chatcompletion-v2(Text API),MiniMax-M2,0.0000,0.0000,2079744,12268,2092012,2026-03-07 19:00-20:00,SUCCESS
coding_plan,chatcompletion-v2(Text API),MiniMax-M2.1,0.0000,0.0000,24382,872,25254,2026-03-07 19:00-20:00,SUCCESS
coding_plan,chatcompletion-v2(Text API),MiniMax-M2.5,0.0000,0.0000,13986,787,14773,2026-03-07 19:00-20:00,SUCCESS
coding_plan,cache-read(Text API),MiniMax-M2.1,0.0000,0.0000,93177,0,93177,2026-03-07 18:00-19:00,SUCCESS
coding_plan,cache-read(Text API),MiniMax-M2.5,0.0000,0.0000,402514,0,402514,2026-03-07 18:00-19:00,SUCCESS
coding_plan,chatcompletion-v2(Text API),MiniMax-M2,0.0000,0.0000,300960,1695,302655,2026-03-07 18:00-19:00,SUCCESS
coding_plan,chatcompletion-v2(Text API),MiniMax-M2.1,0.0000,0.0000,17454,1089,18543,2026-03-07 18:00-19:00,SUCCESS
coding_plan,chatcompletion-v2(Text API),MiniMax-M2.5,0.0000,0.0000,99481,2558,102039,2026-03-07 18:00-19:00,SUCCESS
coding_plan,cache-read(Text API),MiniMax-M2.1,0.0000,0.0000,95315,0,95315,2026-03-07 17:00-18:00,SUCCESS
coding_plan,cache-read(Text API),MiniMax-M2.5,0.0000,0.0000,259787,0,259787,2026-03-07 17:00-18:00,SUCCESS
coding_plan,chatcompletion-v2(Text API),MiniMax-M2,0.0000,0.0000,625202,4855,630057,2026-03-07 17:00-18:00,SUCCESS
coding_plan,chatcompletion-v2(Text API),MiniMax-M2.1,0.0000,0.0000,24355,767,25122,2026-03-07 17:00-18:00,SUCCESS
coding_plan,chatcompletion-v2(Text API),MiniMax-M2.5,0.0000,0.0000,29675,2446,32121,2026-03-07 17:00-18:00,SUCCESS
coding_plan,cache-read(Text API),MiniMax-M2.1,0.0000,0.0000,51927,0,51927,2026-03-07 16:00-17:00,SUCCESS
coding_plan,cache-read(Text API),MiniMax-M2.5,0.0000,0.0000,782527,0,782527,2026-03-07 16:00-17:00,SUCCESS
coding_plan,chatcompletion-v2(Text API),MiniMax-M2,0.0000,0.0000,285754,1806,287560,2026-03-07 16:00-17:00,SUCCESS
coding_plan,chatcompletion-v2(Text API),MiniMax-M2.1,0.0000,0.0000,23698,660,24358,2026-03-07 16:00-17:00,SUCCESS
coding_plan,chatcompletion-v2(Text API),MiniMax-M2.5,0.0000,0.0000,80587,6368,86955,2026-03-07 16:00-17:00,SUCCESS
coding_plan,cache-read(Text API),MiniMax-M2.1,0.0000,0.0000,79891,0,79891,2026-03-07 15:00-16:00,SUCCESS
coding_plan,cache-read(Text API),MiniMax-M2.5,0.0000,0.0000,314095,0,314095,2026-03-07 15:00-16:00,SUCCESS
coding_plan,chatcompletion-v2(Text API),MiniMax-M2,0.0000,0.0000,1421627,12397,1434024,2026-03-07 15:00-16:00,SUCCESS
coding_plan,chatcompletion-v2(Text API),MiniMax-M2.1,0.0000,0.0000,24895,589,25484,2026-03-07 15:00-16:00,SUCCESS
coding_plan,chatcompletion-v2(Text API),MiniMax-M2.5,0.0000,0.0000,31525,3817,35342,2026-03-07 15:00-16:00,SUCCESS
coding_plan,cache-read(Text API),MiniMax-M2.1,0.0000,0.0000,38895,0,38895,2026-03-07 14:00-15:00,SUCCESS
coding_plan,cache-read(Text API),MiniMax-M2.5,0.0000,0.0000,235842,0,235842,2026-03-07 14:00-15:00,SUCCESS
coding_plan,chatcompletion-v2(Text API),MiniMax-M2,0.0000,0.0000,351548,2103,353651,2026-03-07 14:00-15:00,SUCCESS
coding_plan,chatcompletion-v2(Text API),MiniMax-M2.1,0.0000,0.0000,36681,476,37157,2026-03-07 14:00-15:00,SUCCESS
coding_plan,chatcompletion-v2(Text API),MiniMax-M2.5,0.0000,0.0000,37616,1876,39492,2026-03-07 14:00-15:00,SUCCESS
coding_plan,cache-read(Text API),MiniMax-M2.1,0.0000,0.0000,67767,0,67767,2026-03-07 13:00-14:00,SUCCESS
coding_plan,cache-read(Text API),MiniMax-M2.5,0.0000,0.0000,567351,0,567351,2026-03-07 13:00-14:00,SUCCESS
coding_plan,chatcompletion-v2(Text API),MiniMax-M2,0.0000,0.0000,2646878,13807,2660685,2026-03-07 13:00-14:00,SUCCESS
coding_plan,chatcompletion-v2(Text API),MiniMax-M2.1,0.0000,0.0000,37038,708,37746,2026-03-07 13:00-14:00,SUCCESS
coding_plan,chatcompletion-v2(Text API),MiniMax-M2.5,0.0000,0.0000,34203,3580,37783,2026-03-07 13:00-14:00,SUCCESS
coding_plan,cache-read(Text API),MiniMax-M2.1,0.0000,0.0000,80806,0,80806,2026-03-07 12:00-13:00,SUCCESS
coding_plan,cache-read(Text API),MiniMax-M2.5,0.0000,0.0000,707785,0,707785,2026-03-07 12:00-13:00,SUCCESS
coding_plan,chatcompletion-v2(Text API),MiniMax-M2,0.0000,0.0000,241985,1744,243729,2026-03-07 12:00-13:00,SUCCESS
coding_plan,chatcompletion-v2(Text API),MiniMax-M2.1,0.0000,0.0000,24027,689,24716,2026-03-07 12:00-13:00,SUCCESS
coding_plan,chatcompletion-v2(Text API),MiniMax-M2.5,0.0000,0.0000,46812,4224,51036,2026-03-07 12:00-13:00,SUCCESS
coding_plan,cache-read(Text API),MiniMax-M2.1,0.0000,0.0000,232338,0,232338,2026-03-07 11:00-12:00,SUCCESS
coding_plan,cache-read(Text API),MiniMax-M2.5,0.0000,0.0000,826665,0,826665,2026-03-07 11:00-12:00,SUCCESS
coding_plan,chatcompletion-v2(Text API),MiniMax-M2,0.0000,0.0000,1701773,11915,1713688,2026-03-07 11:00-12:00,SUCCESS
coding_plan,chatcompletion-v2(Text API),MiniMax-M2.1,0.0000,0.0000,51601,2302,53903,2026-03-07 11:00-12:00,SUCCESS
coding_plan,chatcompletion-v2(Text API),MiniMax-M2.5,0.0000,0.0000,72880,4328,77208,2026-03-07 11:00-12:00,SUCCESS
coding_plan,cache-read(Text API),MiniMax-M2.1,0.0000,0.0000,171437,0,171437,2026-03-07 10:00-11:00,SUCCESS
coding_plan,cache-read(Text API),MiniMax-M2.5,0.0000,0.0000,905397,0,905397,2026-03-07 10:00-11:00,SUCCESS
coding_plan,chatcompletion-v2(Text API),MiniMax-M2,0.0000,0.0000,248479,2247,250726,2026-03-07 10:00-11:00,SUCCESS
coding_plan,chatcompletion-v2(Text API),MiniMax-M2.1,0.0000,0.0000,39425,1449,40874,2026-03-07 10:00-11:00,SUCCESS
coding_plan,chatcompletion-v2(Text API),MiniMax-M2.5,0.0000,0.0000,54431,5381,59812,2026-03-07 10:00-11:00,SUCCESS
coding_plan,cache-read(Text API),MiniMax-M2.1,0.0000,0.0000,58358,0,58358,2026-03-07 09:00-10:00,SUCCESS
coding_plan,cache-read(Text API),MiniMax-M2.5,0.0000,0.0000,163812,0,163812,2026-03-07 09:00-10:00,SUCCESS
coding_plan,chatcompletion-v2(Text API),MiniMax-M2,0.0000,0.0000,1742706,11756,1754462,2026-03-07 09:00-10:00,SUCCESS
coding_plan,chatcompletion-v2(Text API),MiniMax-M2.1,0.0000,0.0000,16851,628,17479,2026-03-07 09:00-10:00,SUCCESS
coding_plan,chatcompletion-v2(Text API),MiniMax-M2.5,0.0000,0.0000,27468,2134,29602,2026-03-07 09:00-10:00,SUCCESS
coding_plan,cache-read(Text API),MiniMax-M2.1,0.0000,0.0000,80818,0,80818,2026-03-07 08:00-09:00,SUCCESS
coding_plan,cache-read(Text API),MiniMax-M2.5,0.0000,0.0000,790433,0,790433,2026-03-07 08:00-09:00,SUCCESS
coding_plan,chatcompletion-v2(Text API),MiniMax-M2,0.0000,0.0000,270151,1898,272049,2026-03-07 08:00-09:00,SUCCESS
coding_plan,chatcompletion-v2(Text API),MiniMax-M2.1,0.0000,0.0000,24016,697,24713,2026-03-07 08:00-09:00,SUCCESS
coding_plan,chatcompletion-v2(Text API),MiniMax-M2.5,0.0000,0.0000,48595,4806,53401,2026-03-07 08:00-09:00,SUCCESS
coding_plan,cache-read(Text API),MiniMax-M2.1,0.0000,0.0000,80883,0,80883,2026-03-07 07:00-08:00,SUCCESS
coding_plan,cache-read(Text API),MiniMax-M2.5,0.0000,0.0000,869697,0,869697,2026-03-07 07:00-08:00,SUCCESS
coding_plan,chatcompletion-v2(Text API),MiniMax-M2,0.0000,0.0000,1428205,11039,1439244,2026-03-07 07:00-08:00,SUCCESS
coding_plan,chatcompletion-v2(Text API),MiniMax-M2.1,0.0000,0.0000,23636,755,24391,2026-03-07 07:00-08:00,SUCCESS
coding_plan,chatcompletion-v2(Text API),MiniMax-M2.5,0.0000,0.0000,51480,4384,55864,2026-03-07 07:00-08:00,SUCCESS
coding_plan,cache-read(Text API),MiniMax-M2.5-highspeed,0.0000,0.0000,1086912,0,1086912,2026-03-07 06:00-07:00,SUCCESS
coding_plan,cache-read(Text API),MiniMax-M2.1,0.0000,0.0000,104600,0,104600,2026-03-07 06:00-07:00,SUCCESS
coding_plan,cache-read(Text API),MiniMax-M2.5,0.0000,0.0000,195696,0,195696,2026-03-07 06:00-07:00,SUCCESS
coding_plan,chatcompletion-v2(Text API),MiniMax-M2.5-highspeed,0.0000,0.0000,43078,6779,49857,2026-03-07 06:00-07:00,SUCCESS
coding_plan,chatcompletion-v2(Text API),MiniMax-M2,0.0000,0.0000,436076,4393,440469,2026-03-07 06:00-07:00,SUCCESS
coding_plan,chatcompletion-v2(Text API),MiniMax-M2.1,0.0000,0.0000,16912,806,17718,2026-03-07 06:00-07:00,SUCCESS
coding_plan,chatcompletion-v2(Text API),MiniMax-M2.5,0.0000,0.0000,46193,3268,49461,2026-03-07 06:00-07:00,SUCCESS
coding_plan,cache-read(Text API),MiniMax-M2.1,0.0000,0.0000,53397,0,53397,2026-03-07 05:00-06:00,SUCCESS
coding_plan,cache-read(Text API),MiniMax-M2.5,0.0000,0.0000,682657,0,682657,2026-03-07 05:00-06:00,SUCCESS
coding_plan,chatcompletion-v2(Text API),MiniMax-M2,0.0000,0.0000,187054,1849,188903,2026-03-07 05:00-06:00,SUCCESS
coding_plan,chatcompletion-v2(Text API),MiniMax-M2.1,0.0000,0.0000,36978,678,37656,2026-03-07 05:00-06:00,SUCCESS
coding_plan,chatcompletion-v2(Text API),MiniMax-M2.5,0.0000,0.0000,93990,3533,97523,2026-03-07 05:00-06:00,SUCCESS
coding_plan,cache-read(Text API),MiniMax-M2.1,0.0000,0.0000,80314,0,80314,2026-03-07 04:00-05:00,SUCCESS
coding_plan,cache-read(Text API),MiniMax-M2.5,0.0000,0.0000,442292,0,442292,2026-03-07 04:00-05:00,SUCCESS
coding_plan,chatcompletion-v2(Text API),MiniMax-M2,0.0000,0.0000,98697,1692,100389,2026-03-07 04:00-05:00,SUCCESS
coding_plan,chatcompletion-v2(Text API),MiniMax-M2.1,0.0000,0.0000,23394,596,23990,2026-03-07 04:00-05:00,SUCCESS
coding_plan,chatcompletion-v2(Text API),MiniMax-M2.5,0.0000,0.0000,53877,2442,56319,2026-03-07 04:00-05:00,SUCCESS
coding_plan,cache-read(Text API),MiniMax-M2.1,0.0000,0.0000,102978,0,102978,2026-03-07 03:00-04:00,SUCCESS
coding_plan,cache-read(Text API),MiniMax-M2.5,0.0000,0.0000,433466,0,433466,2026-03-07 03:00-04:00,SUCCESS
coding_plan,chatcompletion-v2(Text API),MiniMax-M2,0.0000,0.0000,1355268,11309,1366577,2026-03-07 03:00-04:00,SUCCESS
coding_plan,chatcompletion-v2(Text API),MiniMax-M2.1,0.0000,0.0000,23850,742,24592,2026-03-07 03:00-04:00,SUCCESS
coding_plan,chatcompletion-v2(Text API),MiniMax-M2.5,0.0000,0.0000,34431,4049,38480,2026-03-07 03:00-04:00,SUCCESS
coding_plan,cache-read(Text API),MiniMax-M2.1,0.0000,0.0000,58493,0,58493,2026-03-07 02:00-03:00,SUCCESS
coding_plan,cache-read(Text API),MiniMax-M2.5,0.0000,0.0000,265476,0,265476,2026-03-07 02:00-03:00,SUCCESS
coding_plan,chatcompletion-v2(Text API),MiniMax-M2,0.0000,0.0000,682813,2786,685599,2026-03-07 02:00-03:00,SUCCESS
coding_plan,chatcompletion-v2(Text API),MiniMax-M2.1,0.0000,0.0000,23158,514,23672,2026-03-07 02:00-03:00,SUCCESS
coding_plan,chatcompletion-v2(Text API),MiniMax-M2.5,0.0000,0.0000,26327,2553,28880,2026-03-07 02:00-03:00,SUCCESS
coding_plan,cache-read(Text API),MiniMax-M2.1,0.0000,0.0000,130963,0,130963,2026-03-07 01:00-02:00,SUCCESS
coding_plan,cache-read(Text API),MiniMax-M2.5,0.0000,0.0000,402376,0,402376,2026-03-07 01:00-02:00,SUCCESS
coding_plan,chatcompletion-v2(Text API),MiniMax-M2,0.0000,0.0000,1013105,7708,1020813,2026-03-07 01:00-02:00,SUCCESS
coding_plan,chatcompletion-v2(Text API),MiniMax-M2.1,0.0000,0.0000,17885,1120,19005,2026-03-07 01:00-02:00,SUCCESS
coding_plan,chatcompletion-v2(Text API),MiniMax-M2.5,0.0000,0.0000,84834,4592,89426,2026-03-07 01:00-02:00,SUCCESS
coding_plan,cache-read(Text API),MiniMax-M2.1,0.0000,0.0000,29908,0,29908,2026-03-07 00:00-01:00,SUCCESS
coding_plan,cache-read(Text API),MiniMax-M2.5,0.0000,0.0000,201505,0,201505,2026-03-07 00:00-01:00,SUCCESS
coding_plan,chatcompletion-v2(Text API),MiniMax-M2,0.0000,0.0000,435893,1572,437465,2026-03-07 00:00-01:00,SUCCESS
coding_plan,chatcompletion-v2(Text API),MiniMax-M2.1,0.0000,0.0000,43980,620,44600,2026-03-07 00:00-01:00,SUCCESS
coding_plan,chatcompletion-v2(Text API),MiniMax-M2.5,0.0000,0.0000,37359,3330,40689,2026-03-07 00:00-01:00,SUCCESS
coding_plan,cache-read(Text API),MiniMax-M2.1,0.0000,0.0000,64501,0,64501,2026-03-06 23:00-24:00,SUCCESS
coding_plan,cache-read(Text API),MiniMax-M2.5,0.0000,0.0000,540915,0,540915,2026-03-06 23:00-24:00,SUCCESS
coding_plan,chatcompletion-v2(Text API),MiniMax-M2,0.0000,0.0000,2036717,15446,2052163,2026-03-06 23:00-24:00,SUCCESS
coding_plan,chatcompletion-v2(Text API),MiniMax-M2.1,0.0000,0.0000,23398,569,23967,2026-03-06 23:00-24:00,SUCCESS
coding_plan,chatcompletion-v2(Text API),MiniMax-M2.5,0.0000,0.0000,62489,2628,65117,2026-03-06 23:00-24:00,SUCCESS
coding_plan,cache-read(Text API),MiniMax-M2.1,0.0000,0.0000,70497,0,70497,2026-03-06 22:00-23:00,SUCCESS
coding_plan,cache-read(Text API),MiniMax-M2.5,0.0000,0.0000,966392,0,966392,2026-03-06 22:00-23:00,SUCCESS
coding_plan,chatcompletion-v2(Text API),MiniMax-M2,0.0000,0.0000,833927,1913,835840,2026-03-06 22:00-23:00,SUCCESS
coding_plan,chatcompletion-v2(Text API),MiniMax-M2.1,0.0000,0.0000,16949,832,17781,2026-03-06 22:00-23:00,SUCCESS
coding_plan,chatcompletion-v2(Text API),MiniMax-M2.5,0.0000,0.0000,44015,4685,48700,2026-03-06 22:00-23:00,SUCCESS
coding_plan,cache-read(Text API),MiniMax-M2.1,0.0000,0.0000,78411,0,78411,2026-03-06 21:00-22:00,SUCCESS
coding_plan,cache-read(Text API),MiniMax-M2.5,0.0000,0.0000,277112,0,277112,2026-03-06 21:00-22:00,SUCCESS
coding_plan,chatcompletion-v2(Text API),MiniMax-M2,0.0000,0.0000,1685505,8997,1694502,2026-03-06 21:00-22:00,SUCCESS
coding_plan,chatcompletion-v2(Text API),MiniMax-M2.1,0.0000,0.0000,23576,658,24234,2026-03-06 21:00-22:00,SUCCESS
coding_plan,chatcompletion-v2(Text API),MiniMax-M2.5,0.0000,0.0000,24170,3957,28127,2026-03-06 21:00-22:00,SUCCESS
coding_plan,cache-read(Text API),MiniMax-M2.1,0.0000,0.0000,290992,0,290992,2026-03-06 20:00-21:00,SUCCESS
coding_plan,cache-read(Text API),MiniMax-M2.5,0.0000,0.0000,942507,0,942507,2026-03-06 20:00-21:00,SUCCESS
coding_plan,chatcompletion-v2(Text API),MiniMax-M2,0.0000,0.0000,386076,1370,387446,2026-03-06 20:00-21:00,SUCCESS
coding_plan,chatcompletion-v2(Text API),MiniMax-M2.1,0.0000,0.0000,23459,1700,25159,2026-03-06 20:00-21:00,SUCCESS
coding_plan,chatcompletion-v2(Text API),MiniMax-M2.5,0.0000,0.0000,64298,3766,68064,2026-03-06 20:00-21:00,SUCCESS
coding_plan,cache-read(Text API),MiniMax-M2.1,0.0000,0.0000,90383,0,90383,2026-03-06 19:00-20:00,SUCCESS
coding_plan,cache-read(Text API),MiniMax-M2.5,0.0000,0.0000,462736,0,462736,2026-03-06 19:00-20:00,SUCCESS
coding_plan,chatcompletion-v2(Text API),MiniMax-M2,0.0000,0.0000,1441799,10518,1452317,2026-03-06 19:00-20:00,SUCCESS
coding_plan,chatcompletion-v2(Text API),MiniMax-M2.1,0.0000,0.0000,36373,734,37107,2026-03-06 19:00-20:00,SUCCESS
coding_plan,chatcompletion-v2(Text API),MiniMax-M2.5,0.0000,0.0000,33787,3727,37514,2026-03-06 19:00-20:00,SUCCESS
coding_plan,cache-read(Text API),MiniMax-M2.5-highspeed,0.0000,0.0000,302014,0,302014,2026-03-06 18:00-19:00,SUCCESS
coding_plan,cache-read(Text API),MiniMax-M2.1,0.0000,0.0000,57899,0,57899,2026-03-06 18:00-19:00,SUCCESS
coding_plan,cache-read(Text API),MiniMax-M2.5,0.0000,0.0000,851755,0,851755,2026-03-06 18:00-19:00,SUCCESS
coding_plan,chatcompletion-v2(Text API),MiniMax-M2.5-highspeed,0.0000,0.0000,924092,3038,927130,2026-03-06 18:00-19:00,SUCCESS
coding_plan,chatcompletion-v2(Text API),MiniMax-M2,0.0000,0.0000,363204,1583,364787,2026-03-06 18:00-19:00,SUCCESS
coding_plan,chatcompletion-v2(Text API),MiniMax-M2.1,0.0000,0.0000,27891,659,28550,2026-03-06 18:00-19:00,SUCCESS
coding_plan,chatcompletion-v2(Text API),MiniMax-M2.5,0.0000,0.0000,36380,5271,41651,2026-03-06 18:00-19:00,SUCCESS
coding_plan,cache-read(Text API),MiniMax-M2.5-highspeed,0.0000,0.0000,632182,0,632182,2026-03-06 17:00-18:00,SUCCESS
coding_plan,cache-read(Text API),MiniMax-M2.1,0.0000,0.0000,78433,0,78433,2026-03-06 17:00-18:00,SUCCESS
coding_plan,cache-read(Text API),MiniMax-M2.5,0.0000,0.0000,476769,0,476769,2026-03-06 17:00-18:00,SUCCESS
coding_plan,chatcompletion-v2(Text API),MiniMax-M2.5-highspeed,0.0000,0.0000,254944,1004,255948,2026-03-06 17:00-18:00,SUCCESS
coding_plan,chatcompletion-v2(Text API),MiniMax-M2,0.0000,0.0000,1350159,8828,1358987,2026-03-06 17:00-18:00,SUCCESS
coding_plan,chatcompletion-v2(Text API),MiniMax-M2.1,0.0000,0.0000,23080,774,23854,2026-03-06 17:00-18:00,SUCCESS
coding_plan,chatcompletion-v2(Text API),MiniMax-M2.5,0.0000,0.0000,33280,3590,36870,2026-03-06 17:00-18:00,SUCCESS
coding_plan,cache-read(Text API),MiniMax-M2.1,0.0000,0.0000,78439,0,78439,2026-03-06 16:00-17:00,SUCCESS
coding_plan,cache-read(Text API),MiniMax-M2.5,0.0000,0.0000,460272,0,460272,2026-03-06 16:00-17:00,SUCCESS
coding_plan,chatcompletion-v2(Text API),MiniMax-M2,0.0000,0.0000,348289,1348,349637,2026-03-06 16:00-17:00,SUCCESS
coding_plan,chatcompletion-v2(Text API),MiniMax-M2.1,0.0000,0.0000,23661,755,24416,2026-03-06 16:00-17:00,SUCCESS
coding_plan,chatcompletion-v2(Text API),MiniMax-M2.5,0.0000,0.0000,40751,3003,43754,2026-03-06 16:00-17:00,SUCCESS
coding_plan,cache-read(Text API),MiniMax-M2.5-highspeed,0.0000,0.0000,477233,0,477233,2026-03-06 15:00-16:00,SUCCESS
coding_plan,cache-read(Text API),MiniMax-M2.1,0.0000,0.0000,64499,0,64499,2026-03-06 15:00-16:00,SUCCESS
coding_plan,cache-read(Text API),MiniMax-M2.5,0.0000,0.0000,253177,0,253177,2026-03-06 15:00-16:00,SUCCESS
coding_plan,chatcompletion-v2(Text API),MiniMax-M2.5-highspeed,0.0000,0.0000,1929,1039,2968,2026-03-06 15:00-16:00,SUCCESS
coding_plan,chatcompletion-v2(Text API),MiniMax-M2,0.0000,0.0000,2946191,16670,2962861,2026-03-06 15:00-16:00,SUCCESS
coding_plan,chatcompletion-v2(Text API),MiniMax-M2.1,0.0000,0.0000,23394,549,23943,2026-03-06 15:00-16:00,SUCCESS
coding_plan,chatcompletion-v2(Text API),MiniMax-M2.5,0.0000,0.0000,25541,2531,28072,2026-03-06 15:00-16:00,SUCCESS
coding_plan,cache-read(Text API),MiniMax-M2.5-highspeed,0.0000,0.0000,7087497,0,7087497,2026-03-06 14:00-15:00,SUCCESS
coding_plan,cache-read(Text API),MiniMax-M2.1,0.0000,0.0000,357481,0,357481,2026-03-06 14:00-15:00,SUCCESS
coding_plan,cache-read(Text API),MiniMax-M2.5,0.0000,0.0000,295131,0,295131,2026-03-06 14:00-15:00,SUCCESS
coding_plan,chatcompletion-v2(Text API),MiniMax-M2.5-highspeed,0.0000,0.0000,3641889,19618,3661507,2026-03-06 14:00-15:00,SUCCESS
coding_plan,chatcompletion-v2(Text API),MiniMax-M2,0.0000,0.0000,311368,1908,313276,2026-03-06 14:00-15:00,SUCCESS
coding_plan,chatcompletion-v2(Text API),MiniMax-M2.1,0.0000,0.0000,129635,2798,132433,2026-03-06 14:00-15:00,SUCCESS
coding_plan,chatcompletion-v2(Text API),MiniMax-M2.5,0.0000,0.0000,29990,3888,33878,2026-03-06 14:00-15:00,SUCCESS
coding_plan,cache-read(Text API),MiniMax-M2.5-highspeed,0.0000,0.0000,12730674,0,12730674,2026-03-06 13:00-14:00,SUCCESS
coding_plan,cache-read(Text API),MiniMax-M2.1,0.0000,0.0000,65855,0,65855,2026-03-06 13:00-14:00,SUCCESS
coding_plan,cache-read(Text API),MiniMax-M2.5,0.0000,0.0000,522091,0,522091,2026-03-06 13:00-14:00,SUCCESS
coding_plan,chatcompletion-v2(Text API),MiniMax-M2.5-highspeed,0.0000,0.0000,1593206,21275,1614481,2026-03-06 13:00-14:00,SUCCESS
coding_plan,chatcompletion-v2(Text API),MiniMax-M2,0.0000,0.0000,3176774,13481,3190255,2026-03-06 13:00-14:00,SUCCESS
coding_plan,chatcompletion-v2(Text API),MiniMax-M2.1,0.0000,0.0000,35532,706,36238,2026-03-06 13:00-14:00,SUCCESS
coding_plan,chatcompletion-v2(Text API),MiniMax-M2.5,0.0000,0.0000,30537,3907,34444,2026-03-06 13:00-14:00,SUCCESS
coding_plan,cache-read(Text API),MiniMax-M2.5-highspeed,0.0000,0.0000,10040179,0,10040179,2026-03-06 12:00-13:00,SUCCESS
coding_plan,cache-read(Text API),MiniMax-M2.1,0.0000,0.0000,55259,0,55259,2026-03-06 12:00-13:00,SUCCESS
coding_plan,cache-read(Text API),MiniMax-M2.5,0.0000,0.0000,392109,0,392109,2026-03-06 12:00-13:00,SUCCESS
coding_plan,chatcompletion-v2(Text API),MiniMax-M2.5-highspeed,0.0000,0.0000,1470545,27367,1497912,2026-03-06 12:00-13:00,SUCCESS
coding_plan,chatcompletion-v2(Text API),MiniMax-M2,0.0000,0.0000,634574,1415,635989,2026-03-06 12:00-13:00,SUCCESS
coding_plan,chatcompletion-v2(Text API),MiniMax-M2.1,0.0000,0.0000,16038,857,16895,2026-03-06 12:00-13:00,SUCCESS
coding_plan,chatcompletion-v2(Text API),MiniMax-M2.5,0.0000,0.0000,38405,3496,41901,2026-03-06 12:00-13:00,SUCCESS
coding_plan,cache-read(Text API),MiniMax-M2.1,0.0000,0.0000,51047,0,51047,2026-03-06 11:00-12:00,SUCCESS
coding_plan,cache-read(Text API),MiniMax-M2.5,0.0000,0.0000,615936,0,615936,2026-03-06 11:00-12:00,SUCCESS
coding_plan,chatcompletion-v2(Text API),MiniMax-M2,0.0000,0.0000,2391331,10855,2402186,2026-03-06 11:00-12:00,SUCCESS
coding_plan,chatcompletion-v2(Text API),MiniMax-M2.1,0.0000,0.0000,35256,666,35922,2026-03-06 11:00-12:00,SUCCESS
coding_plan,chatcompletion-v2(Text API),MiniMax-M2.5,0.0000,0.0000,114784,5034,119818,2026-03-06 11:00-12:00,SUCCESS
coding_plan,cache-read(Text API),MiniMax-M2.5-highspeed,0.0000,0.0000,3445092,0,3445092,2026-03-06 10:00-11:00,SUCCESS
coding_plan,cache-read(Text API),MiniMax-M2.1,0.0000,0.0000,504369,0,504369,2026-03-06 10:00-11:00,SUCCESS
coding_plan,cache-read(Text API),MiniMax-M2.5,0.0000,0.0000,411967,0,411967,2026-03-06 10:00-11:00,SUCCESS
coding_plan,chatcompletion-v2(Text API),MiniMax-M2.5-highspeed,0.0000,0.0000,1610456,6581,1617037,2026-03-06 10:00-11:00,SUCCESS
coding_plan,chatcompletion-v2(Text API),MiniMax-M2,0.0000,0.0000,1622343,2414,1624757,2026-03-06 10:00-11:00,SUCCESS
coding_plan,chatcompletion-v2(Text API),MiniMax-M2.1,0.0000,0.0000,90648,2694,93342,2026-03-06 10:00-11:00,SUCCESS
coding_plan,chatcompletion-v2(Text API),MiniMax-M2.5,0.0000,0.0000,41163,4923,46086,2026-03-06 10:00-11:00,SUCCESS
coding_plan,cache-read(Text API),MiniMax-M2.1,0.0000,0.0000,41994,0,41994,2026-03-06 09:00-10:00,SUCCESS
coding_plan,cache-read(Text API),MiniMax-M2.5,0.0000,0.0000,351327,0,351327,2026-03-06 09:00-10:00,SUCCESS
coding_plan,chatcompletion-v2(Text API),MiniMax-M2,0.0000,0.0000,2120082,12187,2132269,2026-03-06 09:00-10:00,SUCCESS
coding_plan,chatcompletion-v2(Text API),MiniMax-M2.1,0.0000,0.0000,12958,729,13687,2026-03-06 09:00-10:00,SUCCESS
coding_plan,chatcompletion-v2(Text API),MiniMax-M2.5,0.0000,0.0000,87725,3005,90730,2026-03-06 09:00-10:00,SUCCESS
coding_plan,cache-read(Text API),MiniMax-M2.5-highspeed,0.0000,0.0000,7126748,0,7126748,2026-03-06 08:00-09:00,SUCCESS
coding_plan,cache-read(Text API),MiniMax-M2.1,0.0000,0.0000,48886,0,48886,2026-03-06 08:00-09:00,SUCCESS
coding_plan,cache-read(Text API),MiniMax-M2.5,0.0000,0.0000,438529,0,438529,2026-03-06 08:00-09:00,SUCCESS
coding_plan,chatcompletion-v2(Text API),MiniMax-M2.5-highspeed,0.0000,0.0000,505350,10279,515629,2026-03-06 08:00-09:00,SUCCESS
coding_plan,chatcompletion-v2(Text API),MiniMax-M2,0.0000,0.0000,800936,1495,802431,2026-03-06 08:00-09:00,SUCCESS
coding_plan,chatcompletion-v2(Text API),MiniMax-M2.1,0.0000,0.0000,22013,539,22552,2026-03-06 08:00-09:00,SUCCESS
coding_plan,chatcompletion-v2(Text API),MiniMax-M2.5,0.0000,0.0000,60129,2460,62589,2026-03-06 08:00-09:00,SUCCESS
coding_plan,cache-read(Text API),MiniMax-M2.5-highspeed,0.0000,0.0000,5112526,0,5112526,2026-03-06 07:00-08:00,SUCCESS
coding_plan,cache-read(Text API),MiniMax-M2.1,0.0000,0.0000,62505,0,62505,2026-03-06 07:00-08:00,SUCCESS
coding_plan,cache-read(Text API),MiniMax-M2.5,0.0000,0.0000,136996,0,136996,2026-03-06 07:00-08:00,SUCCESS
coding_plan,chatcompletion-v2(Text API),MiniMax-M2.5-highspeed,0.0000,0.0000,440646,14146,454792,2026-03-06 07:00-08:00,SUCCESS
coding_plan,chatcompletion-v2(Text API),MiniMax-M2,0.0000,0.0000,2878002,14420,2892422,2026-03-06 07:00-08:00,SUCCESS
coding_plan,chatcompletion-v2(Text API),MiniMax-M2.1,0.0000,0.0000,22192,692,22884,2026-03-06 07:00-08:00,SUCCESS
coding_plan,chatcompletion-v2(Text API),MiniMax-M2.5,0.0000,0.0000,19631,1777,21408,2026-03-06 07:00-08:00,SUCCESS
coding_plan,cache-read(Text API),MiniMax-M2.1,0.0000,0.0000,57368,0,57368,2026-03-06 06:00-07:00,SUCCESS
coding_plan,cache-read(Text API),MiniMax-M2.5,0.0000,0.0000,354481,0,354481,2026-03-06 06:00-07:00,SUCCESS
coding_plan,chatcompletion-v2(Text API),MiniMax-M2,0.0000,0.0000,195667,2222,197889,2026-03-06 06:00-07:00,SUCCESS
coding_plan,chatcompletion-v2(Text API),MiniMax-M2.1,0.0000,0.0000,34693,460,35153,2026-03-06 06:00-07:00,SUCCESS
coding_plan,chatcompletion-v2(Text API),MiniMax-M2.5,0.0000,0.0000,67192,3285,70477,2026-03-06 06:00-07:00,SUCCESS
coding_plan,cache-read(Text API),MiniMax-M2.1,0.0000,0.0000,48883,0,48883,2026-03-06 05:00-06:00,SUCCESS
coding_plan,cache-read(Text API),MiniMax-M2.5,0.0000,0.0000,362535,0,362535,2026-03-06 05:00-06:00,SUCCESS
coding_plan,chatcompletion-v2(Text API),MiniMax-M2,0.0000,0.0000,84882,1347,86229,2026-03-06 05:00-06:00,SUCCESS
coding_plan,chatcompletion-v2(Text API),MiniMax-M2.1,0.0000,0.0000,21998,480,22478,2026-03-06 05:00-06:00,SUCCESS
coding_plan,chatcompletion-v2(Text API),MiniMax-M2.5,0.0000,0.0000,38933,2528,41461,2026-03-06 05:00-06:00,SUCCESS
coding_plan,cache-read(Text API),MiniMax-M2.1,0.0000,0.0000,41663,0,41663,2026-03-06 04:00-05:00,SUCCESS
coding_plan,cache-read(Text API),MiniMax-M2.5,0.0000,0.0000,217240,0,217240,2026-03-06 04:00-05:00,SUCCESS
coding_plan,chatcompletion-v2(Text API),MiniMax-M2,0.0000,0.0000,209637,2238,211875,2026-03-06 04:00-05:00,SUCCESS
coding_plan,chatcompletion-v2(Text API),MiniMax-M2.1,0.0000,0.0000,15784,767,16551,2026-03-06 04:00-05:00,SUCCESS
coding_plan,chatcompletion-v2(Text API),MiniMax-M2.5,0.0000,0.0000,35769,1883,37652,2026-03-06 04:00-05:00,SUCCESS
coding_plan,cache-read(Text API),MiniMax-M2.1,0.0000,0.0000,48949,0,48949,2026-03-06 03:00-04:00,SUCCESS
coding_plan,cache-read(Text API),MiniMax-M2.5,0.0000,0.0000,578807,0,578807,2026-03-06 03:00-04:00,SUCCESS
coding_plan,chatcompletion-v2(Text API),MiniMax-M2,0.0000,0.0000,1055133,12381,1067514,2026-03-06 03:00-04:00,SUCCESS
coding_plan,chatcompletion-v2(Text API),MiniMax-M2.1,0.0000,0.0000,22062,538,22600,2026-03-06 03:00-04:00,SUCCESS
coding_plan,chatcompletion-v2(Text API),MiniMax-M2.5,0.0000,0.0000,48097,3515,51612,2026-03-06 03:00-04:00,SUCCESS
coding_plan,cache-read(Text API),MiniMax-M2.1,0.0000,0.0000,48809,0,48809,2026-03-06 02:00-03:00,SUCCESS
coding_plan,cache-read(Text API),MiniMax-M2.5,0.0000,0.0000,526951,0,526951,2026-03-06 02:00-03:00,SUCCESS
coding_plan,chatcompletion-v2(Text API),MiniMax-M2,0.0000,0.0000,5625630,5060,5630690,2026-03-06 02:00-03:00,SUCCESS
coding_plan,chatcompletion-v2(Text API),MiniMax-M2.1,0.0000,0.0000,22092,494,22586,2026-03-06 02:00-03:00,SUCCESS
coding_plan,chatcompletion-v2(Text API),MiniMax-M2.5,0.0000,0.0000,52250,2486,54736,2026-03-06 02:00-03:00,SUCCESS
coding_plan,cache-read(Text API),MiniMax-M2.1,0.0000,0.0000,48885,0,48885,2026-03-06 01:00-02:00,SUCCESS
coding_plan,cache-read(Text API),MiniMax-M2.5,0.0000,0.0000,372501,0,372501,2026-03-06 01:00-02:00,SUCCESS
coding_plan,chatcompletion-v2(Text API),MiniMax-M2,0.0000,0.0000,1659013,9473,1668486,2026-03-06 01:00-02:00,SUCCESS
coding_plan,chatcompletion-v2(Text API),MiniMax-M2.1,0.0000,0.0000,22010,600,22610,2026-03-06 01:00-02:00,SUCCESS
coding_plan,chatcompletion-v2(Text API),MiniMax-M2.5,0.0000,0.0000,31059,2313,33372,2026-03-06 01:00-02:00,SUCCESS
coding_plan,cache-read(Text API),MiniMax-M2.1,0.0000,0.0000,48886,0,48886,2026-03-06 00:00-01:00,SUCCESS
coding_plan,cache-read(Text API),MiniMax-M2.5,0.0000,0.0000,735073,0,735073,2026-03-06 00:00-01:00,SUCCESS
coding_plan,chatcompletion-v2(Text API),MiniMax-M2,0.0000,0.0000,513304,1853,515157,2026-03-06 00:00-01:00,SUCCESS
coding_plan,chatcompletion-v2(Text API),MiniMax-M2.1,0.0000,0.0000,22011,510,22521,2026-03-06 00:00-01:00,SUCCESS
coding_plan,chatcompletion-v2(Text API),MiniMax-M2.5,0.0000,0.0000,39450,3245,42695,2026-03-06 00:00-01:00,SUCCESS
coding_plan,cache-read(Text API),MiniMax-M2.5-highspeed,0.0000,0.0000,2405882,0,2405882,2026-03-05 23:00-24:00,SUCCESS
coding_plan,cache-read(Text API),MiniMax-M2.1,0.0000,0.0000,41664,0,41664,2026-03-05 23:00-24:00,SUCCESS
coding_plan,cache-read(Text API),MiniMax-M2.5,0.0000,0.0000,757314,0,757314,2026-03-05 23:00-24:00,SUCCESS
coding_plan,chatcompletion-v2(Text API),MiniMax-M2.5-highspeed,0.0000,0.0000,799117,2988,802105,2026-03-05 23:00-24:00,SUCCESS
coding_plan,chatcompletion-v2(Text API),MiniMax-M2,0.0000,0.0000,3087339,12023,3099362,2026-03-05 23:00-24:00,SUCCESS
coding_plan,chatcompletion-v2(Text API),MiniMax-M2.1,0.0000,0.0000,15348,733,16081,2026-03-05 23:00-24:00,SUCCESS
coding_plan,chatcompletion-v2(Text API),MiniMax-M2.5,0.0000,0.0000,42768,3688,46456,2026-03-05 23:00-24:00,SUCCESS
coding_plan,cache-read(Text API),MiniMax-M2.5-highspeed,0.0000,0.0000,10006596,0,10006596,2026-03-05 22:00-23:00,SUCCESS
coding_plan,cache-read(Text API),MiniMax-M2.1,0.0000,0.0000,48885,0,48885,2026-03-05 22:00-23:00,SUCCESS
coding_plan,cache-read(Text API),MiniMax-M2.5,0.0000,0.0000,439159,0,439159,2026-03-05 22:00-23:00,SUCCESS
coding_plan,chatcompletion-v2(Text API),MiniMax-M2.5-highspeed,0.0000,0.0000,955274,8870,964144,2026-03-05 22:00-23:00,SUCCESS
coding_plan,chatcompletion-v2(Text API),MiniMax-M2,0.0000,0.0000,1134237,1972,1136209,2026-03-05 22:00-23:00,SUCCESS
coding_plan,chatcompletion-v2(Text API),MiniMax-M2.1,0.0000,0.0000,20703,485,21188,2026-03-05 22:00-23:00,SUCCESS
coding_plan,chatcompletion-v2(Text API),MiniMax-M2.5,0.0000,0.0000,37163,3124,40287,2026-03-05 22:00-23:00,SUCCESS
coding_plan,cache-read(Text API),MiniMax-M2.5-highspeed,0.0000,0.0000,8739644,0,8739644,2026-03-05 21:00-22:00,SUCCESS
coding_plan,cache-read(Text API),MiniMax-M2.1,0.0000,0.0000,48887,0,48887,2026-03-05 21:00-22:00,SUCCESS
coding_plan,cache-read(Text API),MiniMax-M2.5,0.0000,0.0000,380621,0,380621,2026-03-05 21:00-22:00,SUCCESS
coding_plan,chatcompletion-v2(Text API),MiniMax-M2.5-highspeed,0.0000,0.0000,525041,9320,534361,2026-03-05 21:00-22:00,SUCCESS
coding_plan,chatcompletion-v2(Text API),MiniMax-M2,0.0000,0.0000,3932264,17304,3949568,2026-03-05 21:00-22:00,SUCCESS
coding_plan,chatcompletion-v2(Text API),MiniMax-M2.1,0.0000,0.0000,20705,564,21269,2026-03-05 21:00-22:00,SUCCESS
coding_plan,chatcompletion-v2(Text API),MiniMax-M2.5,0.0000,0.0000,35418,2141,37559,2026-03-05 21:00-22:00,SUCCESS
coding_plan,cache-read(Text API),MiniMax-M2.1,0.0000,0.0000,77866,0,77866,2026-03-05 20:00-21:00,SUCCESS
coding_plan,cache-read(Text API),MiniMax-M2.5,0.0000,0.0000,490085,0,490085,2026-03-05 20:00-21:00,SUCCESS
coding_plan,chatcompletion-v2(Text API),MiniMax-M2,0.0000,0.0000,34790021,43133,34833154,2026-03-05 20:00-21:00,SUCCESS
coding_plan,chatcompletion-v2(Text API),MiniMax-M2.1,0.0000,0.0000,20933,829,21762,2026-03-05 20:00-21:00,SUCCESS
coding_plan,chatcompletion-v2(Text API),MiniMax-M2.5,0.0000,0.0000,31221,2713,33934,2026-03-05 20:00-21:00,SUCCESS
coding_plan,cache-read(Text API),MiniMax-M2.5-highspeed,0.0000,0.0000,2083774,0,2083774,2026-03-05 19:00-20:00,SUCCESS
coding_plan,cache-read(Text API),MiniMax-M2.1,0.0000,0.0000,41877,0,41877,2026-03-05 19:00-20:00,SUCCESS
coding_plan,cache-read(Text API),MiniMax-M2.5,0.0000,0.0000,391866,0,391866,2026-03-05 19:00-20:00,SUCCESS
coding_plan,chatcompletion-v2(Text API),MiniMax-M2.5-highspeed,0.0000,0.0000,150665,3096,153761,2026-03-05 19:00-20:00,SUCCESS
coding_plan,chatcompletion-v2(Text API),MiniMax-M2,0.0000,0.0000,17300522,19769,17320291,2026-03-05 19:00-20:00,SUCCESS
coding_plan,chatcompletion-v2(Text API),MiniMax-M2.1,0.0000,0.0000,12770,354,13124,2026-03-05 19:00-20:00,SUCCESS
coding_plan,chatcompletion-v2(Text API),MiniMax-M2.5,0.0000,0.0000,47206,2831,50037,2026-03-05 19:00-20:00,SUCCESS
coding_plan,cache-read(Text API),MiniMax-M2.5-highspeed,0.0000,0.0000,990496,0,990496,2026-03-05 18:00-19:00,SUCCESS
coding_plan,cache-read(Text API),MiniMax-M2.1,0.0000,0.0000,48506,0,48506,2026-03-05 18:00-19:00,SUCCESS
coding_plan,cache-read(Text API),MiniMax-M2.5,0.0000,0.0000,294804,0,294804,2026-03-05 18:00-19:00,SUCCESS
coding_plan,chatcompletion-v2(Text API),MiniMax-M2.5-highspeed,0.0000,0.0000,286827,1236,288063,2026-03-05 18:00-19:00,SUCCESS
coding_plan,chatcompletion-v2(Text API),MiniMax-M2,0.0000,0.0000,2503888,2650,2506538,2026-03-05 18:00-19:00,SUCCESS
coding_plan,chatcompletion-v2(Text API),MiniMax-M2.1,0.0000,0.0000,20594,516,21110,2026-03-05 18:00-19:00,SUCCESS
coding_plan,chatcompletion-v2(Text API),MiniMax-M2.5,0.0000,0.0000,36893,2037,38930,2026-03-05 18:00-19:00,SUCCESS
coding_plan,cache-read(Text API),MiniMax-M2.5-highspeed,0.0000,0.0000,9465867,0,9465867,2026-03-05 17:00-18:00,SUCCESS
coding_plan,chatcompletion-v2(Text API),MiniMax-M2.5-highspeed,0.0000,0.0000,3703176,27635,3730811,2026-03-05 17:00-18:00,SUCCESS
coding_plan,chatcompletion-v2(Text API),MiniMax-M2,0.0000,0.0000,7080881,15046,7095927,2026-03-05 17:00-18:00,SUCCESS
coding_plan,cache-read(Text API),MiniMax-M2.5-highspeed,0.0000,0.0000,5607552,0,5607552,2026-03-05 16:00-17:00,SUCCESS
coding_plan,cache-read(Text API),MiniMax-M2.1,0.0000,0.0000,48835,0,48835,2026-03-05 16:00-17:00,SUCCESS
coding_plan,cache-read(Text API),MiniMax-M2.5,0.0000,0.0000,315284,0,315284,2026-03-05 16:00-17:00,SUCCESS
coding_plan,chatcompletion-v2(Text API),MiniMax-M2.5-highspeed,0.0000,0.0000,1359725,5846,1365571,2026-03-05 16:00-17:00,SUCCESS
coding_plan,chatcompletion-v2(Text API),MiniMax-M2,0.0000,0.0000,132978,1372,134350,2026-03-05 16:00-17:00,SUCCESS
coding_plan,chatcompletion-v2(Text API),MiniMax-M2.1,0.0000,0.0000,22041,726,22767,2026-03-05 16:00-17:00,SUCCESS
coding_plan,chatcompletion-v2(Text API),MiniMax-M2.5,0.0000,0.0000,38635,2947,41582,2026-03-05 16:00-17:00,SUCCESS
coding_plan,cache-read(Text API),MiniMax-M2.1,0.0000,0.0000,62425,0,62425,2026-03-05 15:00-16:00,SUCCESS
coding_plan,cache-read(Text API),MiniMax-M2.5,0.0000,0.0000,699629,0,699629,2026-03-05 15:00-16:00,SUCCESS
coding_plan,chatcompletion-v2(Text API),MiniMax-M2,0.0000,0.0000,2040048,12673,2052721,2026-03-05 15:00-16:00,SUCCESS
coding_plan,chatcompletion-v2(Text API),MiniMax-M2.1,0.0000,0.0000,22203,557,22760,2026-03-05 15:00-16:00,SUCCESS
coding_plan,chatcompletion-v2(Text API),MiniMax-M2.5,0.0000,0.0000,52036,2758,54794,2026-03-05 15:00-16:00,SUCCESS
coding_plan,cache-read(Text API),MiniMax-M2.1,0.0000,0.0000,300473,0,300473,2026-03-05 14:00-15:00,SUCCESS
coding_plan,cache-read(Text API),MiniMax-M2.5,0.0000,0.0000,820924,0,820924,2026-03-05 14:00-15:00,SUCCESS
coding_plan,chatcompletion-v2(Text API),MiniMax-M2,0.0000,0.0000,542231,1984,544215,2026-03-05 14:00-15:00,SUCCESS
coding_plan,chatcompletion-v2(Text API),MiniMax-M2.1,0.0000,0.0000,60314,2109,62423,2026-03-05 14:00-15:00,SUCCESS
coding_plan,chatcompletion-v2(Text API),MiniMax-M2.5,0.0000,0.0000,97591,3874,101465,2026-03-05 14:00-15:00,SUCCESS
coding_plan,cache-read(Text API),MiniMax-M2.5-highspeed,0.0000,0.0000,14502001,0,14502001,2026-03-05 13:00-14:00,SUCCESS
coding_plan,cache-read(Text API),MiniMax-M2.1,0.0000,0.0000,48898,0,48898,2026-03-05 13:00-14:00,SUCCESS
coding_plan,cache-read(Text API),MiniMax-M2.5,0.0000,0.0000,554783,0,554783,2026-03-05 13:00-14:00,SUCCESS
coding_plan,chatcompletion-v2(Text API),MiniMax-M2.5-highspeed,0.0000,0.0000,1282112,15489,1297601,2026-03-05 13:00-14:00,SUCCESS
coding_plan,chatcompletion-v2(Text API),MiniMax-M2,0.0000,0.0000,1865924,11381,1877305,2026-03-05 13:00-14:00,SUCCESS
coding_plan,chatcompletion-v2(Text API),MiniMax-M2.1,0.0000,0.0000,20735,605,21340,2026-03-05 13:00-14:00,SUCCESS
coding_plan,chatcompletion-v2(Text API),MiniMax-M2.5,0.0000,0.0000,61725,4972,66697,2026-03-05 13:00-14:00,SUCCESS
coding_plan,cache-read(Text API),MiniMax-M2.5-highspeed,0.0000,0.0000,4476992,0,4476992,2026-03-05 12:00-13:00,SUCCESS
coding_plan,cache-read(Text API),MiniMax-M2.1,0.0000,0.0000,48003,0,48003,2026-03-05 12:00-13:00,SUCCESS
coding_plan,cache-read(Text API),MiniMax-M2.5,0.0000,0.0000,948676,0,948676,2026-03-05 12:00-13:00,SUCCESS
coding_plan,chatcompletion-v2(Text API),MiniMax-M2.5-highspeed,0.0000,0.0000,982732,6941,989673,2026-03-05 12:00-13:00,SUCCESS
coding_plan,chatcompletion-v2(Text API),MiniMax-M2,0.0000,0.0000,421828,1411,423239,2026-03-05 12:00-13:00,SUCCESS
coding_plan,chatcompletion-v2(Text API),MiniMax-M2.1,0.0000,0.0000,19344,508,19852,2026-03-05 12:00-13:00,SUCCESS
coding_plan,chatcompletion-v2(Text API),MiniMax-M2.5,0.0000,0.0000,101435,4207,105642,2026-03-05 12:00-13:00,SUCCESS
coding_plan,cache-read(Text API),MiniMax-M2.5-highspeed,0.0000,0.0000,1053318,0,1053318,2026-03-05 11:00-12:00,SUCCESS
coding_plan,cache-read(Text API),MiniMax-M2.1,0.0000,0.0000,919691,0,919691,2026-03-05 11:00-12:00,SUCCESS
coding_plan,cache-read(Text API),MiniMax-M2.5,0.0000,0.0000,779868,0,779868,2026-03-05 11:00-12:00,SUCCESS
coding_plan,chatcompletion-v2(Text API),MiniMax-M2.5-highspeed,0.0000,0.0000,689179,1387,690566,2026-03-05 11:00-12:00,SUCCESS
coding_plan,chatcompletion-v2(Text API),MiniMax-M2,0.0000,0.0000,2395407,16435,2411842,2026-03-05 11:00-12:00,SUCCESS
coding_plan,chatcompletion-v2(Text API),MiniMax-M2.1,0.0000,0.0000,62204,4624,66828,2026-03-05 11:00-12:00,SUCCESS
coding_plan,chatcompletion-v2(Text API),MiniMax-M2.5,0.0000,0.0000,45634,4006,49640,2026-03-05 11:00-12:00,SUCCESS
coding_plan,cache-read(Text API),MiniMax-M2.5-highspeed,0.0000,0.0000,6779551,0,6779551,2026-03-05 10:00-11:00,SUCCESS
coding_plan,cache-read(Text API),MiniMax-M2.1,0.0000,0.0000,468006,0,468006,2026-03-05 10:00-11:00,SUCCESS
coding_plan,cache-read(Text API),MiniMax-M2.5,0.0000,0.0000,26765,0,26765,2026-03-05 10:00-11:00,SUCCESS
coding_plan,chatcompletion-v2(Text API),MiniMax-M2.5-highspeed,0.0000,0.0000,2252648,9781,2262429,2026-03-05 10:00-11:00,SUCCESS
coding_plan,chatcompletion-v2(Text API),MiniMax-M2,0.0000,0.0000,64056,1115,65171,2026-03-05 10:00-11:00,SUCCESS
coding_plan,chatcompletion-v2(Text API),MiniMax-M2.1,0.0000,0.0000,420090,4174,424264,2026-03-05 10:00-11:00,SUCCESS
coding_plan,chatcompletion-v2(Text API),MiniMax-M2.5,0.0000,0.0000,603715,3451,607166,2026-03-05 10:00-11:00,SUCCESS
coding_plan,cache-read(Text API),MiniMax-M2.1,0.0000,0.0000,29286,0,29286,2026-03-05 09:00-10:00,SUCCESS
coding_plan,cache-read(Text API),MiniMax-M2.5,0.0000,0.0000,670590,0,670590,2026-03-05 09:00-10:00,SUCCESS
coding_plan,chatcompletion-v2(Text API),MiniMax-M2,0.0000,0.0000,1319438,8209,1327647,2026-03-05 09:00-10:00,SUCCESS
coding_plan,chatcompletion-v2(Text API),MiniMax-M2.1,0.0000,0.0000,88363,710,89073,2026-03-05 09:00-10:00,SUCCESS
coding_plan,chatcompletion-v2(Text API),MiniMax-M2.5,0.0000,0.0000,31734,3069,34803,2026-03-05 09:00-10:00,SUCCESS
coding_plan,cache-read(Text API),MiniMax-M2.5-highspeed,0.0000,0.0000,363280,0,363280,2026-03-05 08:00-09:00,SUCCESS
coding_plan,cache-read(Text API),MiniMax-M2.5,0.0000,0.0000,778547,0,778547,2026-03-05 08:00-09:00,SUCCESS
coding_plan,chatcompletion-v2(Text API),MiniMax-M2.5-highspeed,0.0000,0.0000,1070388,1442,1071830,2026-03-05 08:00-09:00,SUCCESS
coding_plan,chatcompletion-v2(Text API),MiniMax-M2,0.0000,0.0000,554540,2410,556950,2026-03-05 08:00-09:00,SUCCESS
coding_plan,chatcompletion-v2(Text API),MiniMax-M2.5,0.0000,0.0000,72352,5339,77691,2026-03-05 08:00-09:00,SUCCESS
coding_plan,cache-read(Text API),MiniMax-M2.5-highspeed,0.0000,0.0000,536190,0,536190,2026-03-04 14:00-15:00,SUCCESS
coding_plan,cache-read(Text API),MiniMax-M2.1,0.0000,0.0000,73974,0,73974,2026-03-04 14:00-15:00,SUCCESS
coding_plan,cache-read(Text API),MiniMax-M2.5,0.0000,0.0000,1193,0,1193,2026-03-04 14:00-15:00,SUCCESS
coding_plan,chatcompletion-v2(Text API),MiniMax-M2.5-highspeed,0.0000,0.0000,356641,788,357429,2026-03-04 14:00-15:00,SUCCESS
coding_plan,chatcompletion-v2(Text API),MiniMax-M2,0.0000,0.0000,45026,989,46015,2026-03-04 14:00-15:00,SUCCESS
coding_plan,chatcompletion-v2(Text API),MiniMax-M2.1,0.0000,0.0000,21445,694,22139,2026-03-04 14:00-15:00,SUCCESS
coding_plan,chatcompletion-v2(Text API),MiniMax-M2.5,0.0000,0.0000,12275,185,12460,2026-03-04 14:00-15:00,SUCCESS
coding_plan,cache-read(Text API),MiniMax-M2.5-highspeed,0.0000,0.0000,4995196,0,4995196,2026-03-04 13:00-14:00,SUCCESS
coding_plan,cache-read(Text API),MiniMax-M2.1,0.0000,0.0000,47864,0,47864,2026-03-04 13:00-14:00,SUCCESS
coding_plan,cache-read(Text API),MiniMax-M2.5,0.0000,0.0000,573807,0,573807,2026-03-04 13:00-14:00,SUCCESS
coding_plan,chatcompletion-v2(Text API),MiniMax-M2.5-highspeed,0.0000,0.0000,4694866,10154,4705020,2026-03-04 13:00-14:00,SUCCESS
coding_plan,chatcompletion-v2(Text API),MiniMax-M2,0.0000,0.0000,4537196,10965,4548161,2026-03-04 13:00-14:00,SUCCESS
coding_plan,chatcompletion-v2(Text API),MiniMax-M2.1,0.0000,0.0000,21289,605,21894,2026-03-04 13:00-14:00,SUCCESS
coding_plan,chatcompletion-v2(Text API),MiniMax-M2.5,0.0000,0.0000,35216,3207,38423,2026-03-04 13:00-14:00,SUCCESS
coding_plan,cache-read(Text API),MiniMax-M2.5-highspeed,0.0000,0.0000,1009540,0,1009540,2026-03-04 12:00-13:00,SUCCESS
coding_plan,cache-read(Text API),MiniMax-M2.1,0.0000,0.0000,47927,0,47927,2026-03-04 12:00-13:00,SUCCESS
coding_plan,cache-read(Text API),MiniMax-M2.5,0.0000,0.0000,1269626,0,1269626,2026-03-04 12:00-13:00,SUCCESS
coding_plan,chatcompletion-v2(Text API),MiniMax-M2.5-highspeed,0.0000,0.0000,1916,909,2825,2026-03-04 12:00-13:00,SUCCESS
coding_plan,chatcompletion-v2(Text API),MiniMax-M2,0.0000,0.0000,797765,1487,799252,2026-03-04 12:00-13:00,SUCCESS
coding_plan,chatcompletion-v2(Text API),MiniMax-M2.1,0.0000,0.0000,21364,598,21962,2026-03-04 12:00-13:00,SUCCESS
coding_plan,chatcompletion-v2(Text API),MiniMax-M2.5,0.0000,0.0000,46828,4212,51040,2026-03-04 12:00-13:00,SUCCESS
coding_plan,cache-read(Text API),MiniMax-M2.5-highspeed,0.0000,0.0000,4103471,0,4103471,2026-03-04 11:00-12:00,SUCCESS
coding_plan,cache-read(Text API),MiniMax-M2.1,0.0000,0.0000,155549,0,155549,2026-03-04 11:00-12:00,SUCCESS
coding_plan,cache-read(Text API),MiniMax-M2.5,0.0000,0.0000,540801,0,540801,2026-03-04 11:00-12:00,SUCCESS
coding_plan,chatcompletion-v2(Text API),MiniMax-M2.5-highspeed,0.0000,0.0000,1736356,5186,1741542,2026-03-04 11:00-12:00,SUCCESS
coding_plan,chatcompletion-v2(Text API),MiniMax-M2,0.0000,0.0000,2192894,13647,2206541,2026-03-04 11:00-12:00,SUCCESS
coding_plan,chatcompletion-v2(Text API),MiniMax-M2.1,0.0000,0.0000,22295,3010,25305,2026-03-04 11:00-12:00,SUCCESS
coding_plan,chatcompletion-v2(Text API),MiniMax-M2.5,0.0000,0.0000,30553,3161,33714,2026-03-04 11:00-12:00,SUCCESS
coding_plan,cache-read(Text API),MiniMax-M2.5-highspeed,0.0000,0.0000,15654110,0,15654110,2026-03-04 10:00-11:00,SUCCESS
coding_plan,cache-read(Text API),MiniMax-M2.1,0.0000,0.0000,29286,0,29286,2026-03-04 10:00-11:00,SUCCESS
coding_plan,cache-read(Text API),MiniMax-M2.5,0.0000,0.0000,554311,0,554311,2026-03-04 10:00-11:00,SUCCESS
coding_plan,chatcompletion-v2(Text API),MiniMax-M2.5-highspeed,0.0000,0.0000,2787450,25359,2812809,2026-03-04 10:00-11:00,SUCCESS
coding_plan,chatcompletion-v2(Text API),MiniMax-M2,0.0000,0.0000,74514,1129,75643,2026-03-04 10:00-11:00,SUCCESS
coding_plan,chatcompletion-v2(Text API),MiniMax-M2.1,0.0000,0.0000,52833,746,53579,2026-03-04 10:00-11:00,SUCCESS
coding_plan,chatcompletion-v2(Text API),MiniMax-M2.5,0.0000,0.0000,80731,4108,84839,2026-03-04 10:00-11:00,SUCCESS
coding_plan,cache-read(Text API),MiniMax-M2.5-highspeed,0.0000,0.0000,20290417,0,20290417,2026-03-04 09:00-10:00,SUCCESS
coding_plan,cache-read(Text API),MiniMax-M2.1,0.0000,0.0000,44286,0,44286,2026-03-04 09:00-10:00,SUCCESS
coding_plan,cache-read(Text API),MiniMax-M2.5,0.0000,0.0000,437230,0,437230,2026-03-04 09:00-10:00,SUCCESS
coding_plan,chatcompletion-v2(Text API),MiniMax-M2.5-highspeed,0.0000,0.0000,768440,30932,799372,2026-03-04 09:00-10:00,SUCCESS
coding_plan,chatcompletion-v2(Text API),MiniMax-M2,0.0000,0.0000,2738675,11040,2749715,2026-03-04 09:00-10:00,SUCCESS
coding_plan,chatcompletion-v2(Text API),MiniMax-M2.1,0.0000,0.0000,15916,444,16360,2026-03-04 09:00-10:00,SUCCESS
coding_plan,chatcompletion-v2(Text API),MiniMax-M2.5,0.0000,0.0000,54769,4888,59657,2026-03-04 09:00-10:00,SUCCESS
coding_plan,cache-read(Text API),MiniMax-M2.5-highspeed,0.0000,0.0000,7370323,0,7370323,2026-03-04 08:00-09:00,SUCCESS
coding_plan,cache-read(Text API),MiniMax-M2.1,0.0000,0.0000,44393,0,44393,2026-03-04 08:00-09:00,SUCCESS
coding_plan,cache-read(Text API),MiniMax-M2.5,0.0000,0.0000,684334,0,684334,2026-03-04 08:00-09:00,SUCCESS
coding_plan,chatcompletion-v2(Text API),MiniMax-M2.5-highspeed,0.0000,0.0000,579309,13859,593168,2026-03-04 08:00-09:00,SUCCESS
coding_plan,chatcompletion-v2(Text API),MiniMax-M2,0.0000,0.0000,371256,1619,372875,2026-03-04 08:00-09:00,SUCCESS
coding_plan,chatcompletion-v2(Text API),MiniMax-M2.1,0.0000,0.0000,16382,669,17051,2026-03-04 08:00-09:00,SUCCESS
coding_plan,chatcompletion-v2(Text API),MiniMax-M2.5,0.0000,0.0000,40479,2964,43443,2026-03-04 08:00-09:00,SUCCESS
coding_plan,cache-read(Text API),MiniMax-M2.5-highspeed,0.0000,0.0000,247395,0,247395,2026-03-04 07:00-08:00,SUCCESS
coding_plan,cache-read(Text API),MiniMax-M2.1,0.0000,0.0000,551520,0,551520,2026-03-04 07:00-08:00,SUCCESS
coding_plan,cache-read(Text API),MiniMax-M2.5,0.0000,0.0000,800461,0,800461,2026-03-04 07:00-08:00,SUCCESS
coding_plan,chatcompletion-v2(Text API),MiniMax-M2.5-highspeed,0.0000,0.0000,24918,1453,26371,2026-03-04 07:00-08:00,SUCCESS
coding_plan,chatcompletion-v2(Text API),MiniMax-M2,0.0000,0.0000,1338403,11340,1349743,2026-03-04 07:00-08:00,SUCCESS
coding_plan,chatcompletion-v2(Text API),MiniMax-M2.1,0.0000,0.0000,23557,3703,27260,2026-03-04 07:00-08:00,SUCCESS
coding_plan,chatcompletion-v2(Text API),MiniMax-M2.5,0.0000,0.0000,48731,3552,52283,2026-03-04 07:00-08:00,SUCCESS
coding_plan,cache-read(Text API),MiniMax-M2.1,0.0000,0.0000,47105,0,47105,2026-03-04 06:00-07:00,SUCCESS
coding_plan,cache-read(Text API),MiniMax-M2.5,0.0000,0.0000,798248,0,798248,2026-03-04 06:00-07:00,SUCCESS
coding_plan,chatcompletion-v2(Text API),MiniMax-M2,0.0000,0.0000,157698,2121,159819,2026-03-04 06:00-07:00,SUCCESS
coding_plan,chatcompletion-v2(Text API),MiniMax-M2.1,0.0000,0.0000,15739,593,16332,2026-03-04 06:00-07:00,SUCCESS
coding_plan,chatcompletion-v2(Text API),MiniMax-M2.5,0.0000,0.0000,52946,4778,57724,2026-03-04 06:00-07:00,SUCCESS
coding_plan,cache-read(Text API),MiniMax-M2.1,0.0000,0.0000,61885,0,61885,2026-03-04 05:00-06:00,SUCCESS
coding_plan,cache-read(Text API),MiniMax-M2.5,0.0000,0.0000,618215,0,618215,2026-03-04 05:00-06:00,SUCCESS
coding_plan,chatcompletion-v2(Text API),MiniMax-M2,0.0000,0.0000,930125,5703,935828,2026-03-04 05:00-06:00,SUCCESS
coding_plan,chatcompletion-v2(Text API),MiniMax-M2.1,0.0000,0.0000,16593,706,17299,2026-03-04 05:00-06:00,SUCCESS
coding_plan,chatcompletion-v2(Text API),MiniMax-M2.5,0.0000,0.0000,51376,5130,56506,2026-03-04 05:00-06:00,SUCCESS
coding_plan,cache-read(Text API),MiniMax-M2.1,0.0000,0.0000,95400,0,95400,2026-03-04 04:00-05:00,SUCCESS
coding_plan,cache-read(Text API),MiniMax-M2.5,0.0000,0.0000,420823,0,420823,2026-03-04 04:00-05:00,SUCCESS
coding_plan,chatcompletion-v2(Text API),MiniMax-M2,0.0000,0.0000,126056,1835,127891,2026-03-04 04:00-05:00,SUCCESS
coding_plan,chatcompletion-v2(Text API),MiniMax-M2.1,0.0000,0.0000,16194,850,17044,2026-03-04 04:00-05:00,SUCCESS
coding_plan,chatcompletion-v2(Text API),MiniMax-M2.5,0.0000,0.0000,36634,2475,39109,2026-03-04 04:00-05:00,SUCCESS
coding_plan,cache-read(Text API),MiniMax-M2.1,0.0000,0.0000,79663,0,79663,2026-03-04 03:00-04:00,SUCCESS
coding_plan,cache-read(Text API),MiniMax-M2.5,0.0000,0.0000,179555,0,179555,2026-03-04 03:00-04:00,SUCCESS
coding_plan,chatcompletion-v2(Text API),MiniMax-M2,0.0000,0.0000,2481929,18048,2499977,2026-03-04 03:00-04:00,SUCCESS
coding_plan,chatcompletion-v2(Text API),MiniMax-M2.1,0.0000,0.0000,16739,899,17638,2026-03-04 03:00-04:00,SUCCESS
coding_plan,chatcompletion-v2(Text API),MiniMax-M2.5,0.0000,0.0000,124694,1805,126499,2026-03-04 03:00-04:00,SUCCESS
coding_plan,cache-read(Text API),MiniMax-M2.1,0.0000,0.0000,117312,0,117312,2026-03-04 02:00-03:00,SUCCESS
coding_plan,cache-read(Text API),MiniMax-M2.5,0.0000,0.0000,309567,0,309567,2026-03-04 02:00-03:00,SUCCESS
coding_plan,chatcompletion-v2(Text API),MiniMax-M2,0.0000,0.0000,2944271,4071,2948342,2026-03-04 02:00-03:00,SUCCESS
coding_plan,chatcompletion-v2(Text API),MiniMax-M2.1,0.0000,0.0000,17076,882,17958,2026-03-04 02:00-03:00,SUCCESS
coding_plan,chatcompletion-v2(Text API),MiniMax-M2.5,0.0000,0.0000,31864,2997,34861,2026-03-04 02:00-03:00,SUCCESS
coding_plan,cache-read(Text API),MiniMax-M2.5-highspeed,0.0000,0.0000,752355,0,752355,2026-03-04 01:00-02:00,SUCCESS
coding_plan,chatcompletion-v2(Text API),MiniMax-M2.5-highspeed,0.0000,0.0000,2405689,3763,2409452,2026-03-04 01:00-02:00,SUCCESS
coding_plan,chatcompletion-v2(Text API),MiniMax-M2,0.0000,0.0000,2330709,5600,2336309,2026-03-04 01:00-02:00,SUCCESS
coding_plan,cache-read(Text API),MiniMax-M2.5-highspeed,0.0000,0.0000,6516175,0,6516175,2026-03-04 00:00-01:00,SUCCESS
coding_plan,cache-read(Text API),MiniMax-M2.1,0.0000,0.0000,100725,0,100725,2026-03-04 00:00-01:00,SUCCESS
coding_plan,cache-read(Text API),MiniMax-M2.5,0.0000,0.0000,409335,0,409335,2026-03-04 00:00-01:00,SUCCESS
coding_plan,chatcompletion-v2(Text API),MiniMax-M2.5-highspeed,0.0000,0.0000,7902608,10546,7913154,2026-03-04 00:00-01:00,SUCCESS
coding_plan,chatcompletion-v2(Text API),MiniMax-M2,0.0000,0.0000,1443180,1864,1445044,2026-03-04 00:00-01:00,SUCCESS
coding_plan,chatcompletion-v2(Text API),MiniMax-M2.1,0.0000,0.0000,16998,1152,18150,2026-03-04 00:00-01:00,SUCCESS
coding_plan,chatcompletion-v2(Text API),MiniMax-M2.5,0.0000,0.0000,870893,3529,874422,2026-03-04 00:00-01:00,SUCCESS
coding_plan,cache-read(Text API),MiniMax-M2.5-highspeed,0.0000,0.0000,1850771,0,1850771,2026-03-03 23:00-24:00,SUCCESS
coding_plan,cache-read(Text API),MiniMax-M2.1,0.0000,0.0000,114988,0,114988,2026-03-03 23:00-24:00,SUCCESS
coding_plan,cache-read(Text API),MiniMax-M2.5,0.0000,0.0000,322391,0,322391,2026-03-03 23:00-24:00,SUCCESS
coding_plan,chatcompletion-v2(Text API),MiniMax-M2.5-highspeed,0.0000,0.0000,3528941,2847,3531788,2026-03-03 23:00-24:00,SUCCESS
coding_plan,chatcompletion-v2(Text API),MiniMax-M2,0.0000,0.0000,868793,5557,874350,2026-03-03 23:00-24:00,SUCCESS
coding_plan,chatcompletion-v2(Text API),MiniMax-M2.1,0.0000,0.0000,16834,1087,17921,2026-03-03 23:00-24:00,SUCCESS
coding_plan,chatcompletion-v2(Text API),MiniMax-M2.5,0.0000,0.0000,35808,2107,37915,2026-03-03 23:00-24:00,SUCCESS
coding_plan,cache-read(Text API),MiniMax-M2.5-highspeed,0.0000,0.0000,347351,0,347351,2026-03-03 22:00-23:00,SUCCESS
coding_plan,cache-read(Text API),MiniMax-M2.5,0.0000,0.0000,113910,0,113910,2026-03-03 22:00-23:00,SUCCESS
coding_plan,chatcompletion-v2(Text API),MiniMax-M2.5-highspeed,0.0000,0.0000,345893,318,346211,2026-03-03 22:00-23:00,SUCCESS
coding_plan,chatcompletion-v2(Text API),MiniMax-M2.5,0.0000,0.0000,20784,753,21537,2026-03-03 22:00-23:00,SUCCESS
coding_plan,cache-read(Text API),MiniMax-M2.5-highspeed,0.0000,0.0000,921787,0,921787,2026-03-03 21:00-22:00,SUCCESS
coding_plan,cache-read(Text API),MiniMax-M2.1,0.0000,0.0000,152484,0,152484,2026-03-03 21:00-22:00,SUCCESS
coding_plan,cache-read(Text API),MiniMax-M2.5,0.0000,0.0000,472962,0,472962,2026-03-03 21:00-22:00,SUCCESS
coding_plan,chatcompletion-v2(Text API),MiniMax-M2.5-highspeed,0.0000,0.0000,1663742,1591,1665333,2026-03-03 21:00-22:00,SUCCESS
coding_plan,chatcompletion-v2(Text API),MiniMax-M2,0.0000,0.0000,2994480,10982,3005462,2026-03-03 21:00-22:00,SUCCESS
coding_plan,chatcompletion-v2(Text API),MiniMax-M2.1,0.0000,0.0000,123282,15243,138525,2026-03-03 21:00-22:00,SUCCESS
coding_plan,chatcompletion-v2(Text API),MiniMax-M2.5,0.0000,0.0000,34581,3131,37712,2026-03-03 21:00-22:00,SUCCESS
coding_plan,cache-read(Text API),MiniMax-M2.1,0.0000,0.0000,44690,0,44690,2026-03-03 20:00-21:00,SUCCESS
coding_plan,cache-read(Text API),MiniMax-M2.5,0.0000,0.0000,179895,0,179895,2026-03-03 20:00-21:00,SUCCESS
coding_plan,chatcompletion-v2(Text API),MiniMax-M2,0.0000,0.0000,1540984,1969,1542953,2026-03-03 20:00-21:00,SUCCESS
coding_plan,chatcompletion-v2(Text API),MiniMax-M2.1,0.0000,0.0000,16483,451,16934,2026-03-03 20:00-21:00,SUCCESS
coding_plan,chatcompletion-v2(Text API),MiniMax-M2.5,0.0000,0.0000,25511,2375,27886,2026-03-03 20:00-21:00,SUCCESS
coding_plan,cache-read(Text API),MiniMax-M2.5-highspeed,0.0000,0.0000,7521911,0,7521911,2026-03-03 19:00-20:00,SUCCESS
coding_plan,cache-read(Text API),MiniMax-M2.1,0.0000,0.0000,79985,0,79985,2026-03-03 19:00-20:00,SUCCESS
coding_plan,cache-read(Text API),MiniMax-M2.5,0.0000,0.0000,297136,0,297136,2026-03-03 19:00-20:00,SUCCESS
coding_plan,chatcompletion-v2(Text API),MiniMax-M2.5-highspeed,0.0000,0.0000,2449653,8707,2458360,2026-03-03 19:00-20:00,SUCCESS
coding_plan,chatcompletion-v2(Text API),MiniMax-M2,0.0000,0.0000,2120282,8171,2128453,2026-03-03 19:00-20:00,SUCCESS
coding_plan,chatcompletion-v2(Text API),MiniMax-M2.1,0.0000,0.0000,16771,681,17452,2026-03-03 19:00-20:00,SUCCESS
coding_plan,chatcompletion-v2(Text API),MiniMax-M2.5,0.0000,0.0000,25682,2493,28175,2026-03-03 19:00-20:00,SUCCESS
coding_plan,cache-read(Text API),MiniMax-M2.5-highspeed,0.0000,0.0000,16550941,0,16550941,2026-03-03 18:00-19:00,SUCCESS
coding_plan,cache-read(Text API),MiniMax-M2.1,0.0000,0.0000,59482,0,59482,2026-03-03 18:00-19:00,SUCCESS
coding_plan,cache-read(Text API),MiniMax-M2.5,0.0000,0.0000,266396,0,266396,2026-03-03 18:00-19:00,SUCCESS
coding_plan,chatcompletion-v2(Text API),MiniMax-M2.5-highspeed,0.0000,0.0000,437228,20438,457666,2026-03-03 18:00-19:00,SUCCESS
coding_plan,chatcompletion-v2(Text API),MiniMax-M2,0.0000,0.0000,1023937,2086,1026023,2026-03-03 18:00-19:00,SUCCESS
coding_plan,chatcompletion-v2(Text API),MiniMax-M2.1,0.0000,0.0000,15568,603,16171,2026-03-03 18:00-19:00,SUCCESS
coding_plan,chatcompletion-v2(Text API),MiniMax-M2.5,0.0000,0.0000,23834,1967,25801,2026-03-03 18:00-19:00,SUCCESS
coding_plan,cache-read(Text API),MiniMax-M2.1,0.0000,0.0000,43809,0,43809,2026-03-03 17:00-18:00,SUCCESS
coding_plan,cache-read(Text API),MiniMax-M2.5,0.0000,0.0000,206215,0,206215,2026-03-03 17:00-18:00,SUCCESS
coding_plan,chatcompletion-v2(Text API),MiniMax-M2,0.0000,0.0000,1119171,5107,1124278,2026-03-03 17:00-18:00,SUCCESS
coding_plan,chatcompletion-v2(Text API),MiniMax-M2.1,0.0000,0.0000,15419,453,15872,2026-03-03 17:00-18:00,SUCCESS
coding_plan,chatcompletion-v2(Text API),MiniMax-M2.5,0.0000,0.0000,22652,2079,24731,2026-03-03 17:00-18:00,SUCCESS
coding_plan,cache-read(Text API),MiniMax-M2.1,0.0000,0.0000,45640,0,45640,2026-03-03 16:00-17:00,SUCCESS
coding_plan,cache-read(Text API),MiniMax-M2.5,0.0000,0.0000,237894,0,237894,2026-03-03 16:00-17:00,SUCCESS
coding_plan,chatcompletion-v2(Text API),MiniMax-M2,0.0000,0.0000,959422,1273,960695,2026-03-03 16:00-17:00,SUCCESS
coding_plan,chatcompletion-v2(Text API),MiniMax-M2.1,0.0000,0.0000,15463,497,15960,2026-03-03 16:00-17:00,SUCCESS
coding_plan,chatcompletion-v2(Text API),MiniMax-M2.5,0.0000,0.0000,24143,2011,26154,2026-03-03 16:00-17:00,SUCCESS
coding_plan,cache-read(Text API),MiniMax-M2.1,0.0000,0.0000,59327,0,59327,2026-03-03 15:00-16:00,SUCCESS
coding_plan,cache-read(Text API),MiniMax-M2.5,0.0000,0.0000,309029,0,309029,2026-03-03 15:00-16:00,SUCCESS
coding_plan,chatcompletion-v2(Text API),MiniMax-M2,0.0000,0.0000,2428790,8737,2437527,2026-03-03 15:00-16:00,SUCCESS
coding_plan,chatcompletion-v2(Text API),MiniMax-M2.1,0.0000,0.0000,16480,620,17100,2026-03-03 15:00-16:00,SUCCESS
coding_plan,chatcompletion-v2(Text API),MiniMax-M2.5,0.0000,0.0000,22963,2343,25306,2026-03-03 15:00-16:00,SUCCESS
coding_plan,cache-read(Text API),MiniMax-M2.5-highspeed,0.0000,0.0000,342175,0,342175,2026-03-03 14:00-15:00,SUCCESS
coding_plan,cache-read(Text API),MiniMax-M2.1,0.0000,0.0000,43810,0,43810,2026-03-03 14:00-15:00,SUCCESS
coding_plan,cache-read(Text API),MiniMax-M2.5,0.0000,0.0000,248300,0,248300,2026-03-03 14:00-15:00,SUCCESS
coding_plan,chatcompletion-v2(Text API),MiniMax-M2.5-highspeed,0.0000,0.0000,2141,755,2896,2026-03-03 14:00-15:00,SUCCESS
coding_plan,chatcompletion-v2(Text API),MiniMax-M2,0.0000,0.0000,2051862,2596,2054458,2026-03-03 14:00-15:00,SUCCESS
coding_plan,chatcompletion-v2(Text API),MiniMax-M2.1,0.0000,0.0000,15478,395,15873,2026-03-03 14:00-15:00,SUCCESS
coding_plan,chatcompletion-v2(Text API),MiniMax-M2.5,0.0000,0.0000,24337,2078,26415,2026-03-03 14:00-15:00,SUCCESS
coding_plan,cache-read(Text API),MiniMax-M2.5-highspeed,0.0000,0.0000,4105892,0,4105892,2026-03-03 13:00-14:00,SUCCESS
coding_plan,cache-read(Text API),MiniMax-M2.1,0.0000,0.0000,252043,0,252043,2026-03-03 13:00-14:00,SUCCESS
coding_plan,cache-read(Text API),MiniMax-M2.5,0.0000,0.0000,379864,0,379864,2026-03-03 13:00-14:00,SUCCESS
coding_plan,chatcompletion-v2(Text API),MiniMax-M2.5-highspeed,0.0000,0.0000,226939,5779,232718,2026-03-03 13:00-14:00,SUCCESS
coding_plan,chatcompletion-v2(Text API),MiniMax-M2,0.0000,0.0000,2960872,11969,2972841,2026-03-03 13:00-14:00,SUCCESS
coding_plan,chatcompletion-v2(Text API),MiniMax-M2.1,0.0000,0.0000,17934,1657,19591,2026-03-03 13:00-14:00,SUCCESS
coding_plan,chatcompletion-v2(Text API),MiniMax-M2.5,0.0000,0.0000,35978,2830,38808,2026-03-03 13:00-14:00,SUCCESS
coding_plan,cache-read(Text API),MiniMax-M2.5-highspeed,0.0000,0.0000,11731836,0,11731836,2026-03-03 12:00-13:00,SUCCESS
coding_plan,cache-read(Text API),MiniMax-M2.1,0.0000,0.0000,43297,0,43297,2026-03-03 12:00-13:00,SUCCESS
coding_plan,cache-read(Text API),MiniMax-M2.5,0.0000,0.0000,490381,0,490381,2026-03-03 12:00-13:00,SUCCESS
coding_plan,chatcompletion-v2(Text API),MiniMax-M2.5-highspeed,0.0000,0.0000,278921,20369,299290,2026-03-03 12:00-13:00,SUCCESS
coding_plan,chatcompletion-v2(Text API),MiniMax-M2,0.0000,0.0000,2645457,5816,2651273,2026-03-03 12:00-13:00,SUCCESS
coding_plan,chatcompletion-v2(Text API),MiniMax-M2.1,0.0000,0.0000,14600,381,14981,2026-03-03 12:00-13:00,SUCCESS
coding_plan,chatcompletion-v2(Text API),MiniMax-M2.5,0.0000,0.0000,30103,3316,33419,2026-03-03 12:00-13:00,SUCCESS
coding_plan,cache-read(Text API),MiniMax-M2.1,0.0000,0.0000,43297,0,43297,2026-03-03 11:00-12:00,SUCCESS
coding_plan,cache-read(Text API),MiniMax-M2.5,0.0000,0.0000,324968,0,324968,2026-03-03 11:00-12:00,SUCCESS
coding_plan,chatcompletion-v2(Text API),MiniMax-M2,0.0000,0.0000,1681729,11787,1693516,2026-03-03 11:00-12:00,SUCCESS
coding_plan,chatcompletion-v2(Text API),MiniMax-M2.1,0.0000,0.0000,14495,466,14961,2026-03-03 11:00-12:00,SUCCESS
coding_plan,chatcompletion-v2(Text API),MiniMax-M2.5,0.0000,0.0000,27099,2119,29218,2026-03-03 11:00-12:00,SUCCESS
coding_plan,cache-read(Text API),MiniMax-M2.5-highspeed,0.0000,0.0000,2357630,0,2357630,2026-03-03 10:00-11:00,SUCCESS
coding_plan,cache-read(Text API),MiniMax-M2.5,0.0000,0.0000,651300,0,651300,2026-03-03 10:00-11:00,SUCCESS
coding_plan,chatcompletion-v2(Text API),MiniMax-M2.5-highspeed,0.0000,0.0000,115605,6174,121779,2026-03-03 10:00-11:00,SUCCESS
coding_plan,chatcompletion-v2(Text API),MiniMax-M2,0.0000,0.0000,551092,2535,553627,2026-03-03 10:00-11:00,SUCCESS
coding_plan,chatcompletion-v2(Text API),MiniMax-M2.5,0.0000,0.0000,31340,4145,35485,2026-03-03 10:00-11:00,SUCCESS
coding_plan,cache-read(Text API),MiniMax-M2.5,0.0000,0.0000,586815,0,586815,2026-03-03 09:00-10:00,SUCCESS
coding_plan,chatcompletion-v2(Text API),MiniMax-M2,0.0000,0.0000,2085519,11399,2096918,2026-03-03 09:00-10:00,SUCCESS
coding_plan,chatcompletion-v2(Text API),MiniMax-M2.5,0.0000,0.0000,57120,4134,61254,2026-03-03 09:00-10:00,SUCCESS
coding_plan,cache-read(Text API),MiniMax-M2.5-highspeed,0.0000,0.0000,2184320,0,2184320,2026-03-03 08:00-09:00,SUCCESS
coding_plan,cache-read(Text API),MiniMax-M2.5,0.0000,0.0000,225187,0,225187,2026-03-03 08:00-09:00,SUCCESS
coding_plan,chatcompletion-v2(Text API),MiniMax-M2.5-highspeed,0.0000,0.0000,99990,7982,107972,2026-03-03 08:00-09:00,SUCCESS
coding_plan,chatcompletion-v2(Text API),MiniMax-M2,0.0000,0.0000,395608,1771,397379,2026-03-03 08:00-09:00,SUCCESS
coding_plan,chatcompletion-v2(Text API),MiniMax-M2.5,0.0000,0.0000,25654,1557,27211,2026-03-03 08:00-09:00,SUCCESS
coding_plan,cache-read(Text API),MiniMax-M2.5-highspeed,0.0000,0.0000,830765,0,830765,2026-03-03 07:00-08:00,SUCCESS
coding_plan,chatcompletion-v2(Text API),MiniMax-M2.5-highspeed,0.0000,0.0000,36435,5593,42028,2026-03-03 07:00-08:00,SUCCESS
coding_plan,chatcompletion-v2(Text API),MiniMax-M2,0.0000,0.0000,38173,731,38904,2026-03-03 07:00-08:00,SUCCESS
coding_plan,cache-read(Text API),MiniMax-M2.5,0.0000,0.0000,144803,0,144803,2026-03-03 06:00-07:00,SUCCESS
coding_plan,chatcompletion-v2(Text API),MiniMax-M2,0.0000,0.0000,38098,857,38955,2026-03-03 06:00-07:00,SUCCESS
coding_plan,chatcompletion-v2(Text API),MiniMax-M2.5,0.0000,0.0000,14313,2150,16463,2026-03-03 06:00-07:00,SUCCESS
coding_plan,chatcompletion-v2(Text API),MiniMax-M2,0.0000,0.0000,35443,359,35802,2026-03-03 05:00-06:00,SUCCESS
coding_plan,chatcompletion-v2(Text API),MiniMax-M2,0.0000,0.0000,166823,1436,168259,2026-03-03 04:00-05:00,SUCCESS
coding_plan,chatcompletion-v2(Text API),MiniMax-M2,0.0000,0.0000,103599,2177,105776,2026-03-03 03:00-04:00,SUCCESS
coding_plan,cache-read(Text API),MiniMax-M2.1,0.0000,0.0000,551571,0,551571,2026-03-03 02:00-03:00,SUCCESS
coding_plan,chatcompletion-v2(Text API),MiniMax-M2,0.0000,0.0000,970016,2235,972251,2026-03-03 02:00-03:00,SUCCESS
coding_plan,chatcompletion-v2(Text API),MiniMax-M2.1,0.0000,0.0000,85817,4536,90353,2026-03-03 02:00-03:00,SUCCESS
coding_plan,cache-read(Text API),MiniMax-M2.5-highspeed,0.0000,0.0000,1093,0,1093,2026-03-03 01:00-02:00,SUCCESS
coding_plan,chatcompletion-v2(Text API),MiniMax-M2.5-highspeed,0.0000,0.0000,424049,575,424624,2026-03-03 01:00-02:00,SUCCESS
coding_plan,chatcompletion-v2(Text API),MiniMax-M2,0.0000,0.0000,1337153,710,1337863,2026-03-03 01:00-02:00,SUCCESS
coding_plan,cache-read(Text API),MiniMax-M2.5-highspeed,0.0000,0.0000,9845537,0,9845537,2026-03-03 00:00-01:00,SUCCESS
coding_plan,chatcompletion-v2(Text API),MiniMax-M2.5-highspeed,0.0000,0.0000,2026683,11634,2038317,2026-03-03 00:00-01:00,SUCCESS
coding_plan,chatcompletion-v2(Text API),MiniMax-M2,0.0000,0.0000,1088168,828,1088996,2026-03-03 00:00-01:00,SUCCESS
coding_plan,cache-read(Text API),MiniMax-M2.5-highspeed,0.0000,0.0000,2456203,0,2456203,2026-03-02 23:00-24:00,SUCCESS
coding_plan,chatcompletion-v2(Text API),MiniMax-M2.5-highspeed,0.0000,0.0000,1427920,3322,1431242,2026-03-02 23:00-24:00,SUCCESS
coding_plan,chatcompletion-v2(Text API),MiniMax-M2,0.0000,0.0000,11837151,6497,11843648,2026-03-02 23:00-24:00,SUCCESS
coding_plan,cache-read(Text API),MiniMax-M2.5-highspeed,0.0000,0.0000,8257741,0,8257741,2026-03-02 22:00-23:00,SUCCESS
coding_plan,chatcompletion-v2(Text API),MiniMax-M2.5-highspeed,0.0000,0.0000,1804474,16582,1821056,2026-03-02 22:00-23:00,SUCCESS
coding_plan,cache-read(Text API),MiniMax-M2.5-highspeed,0.0000,0.0000,11523093,0,11523093,2026-03-02 21:00-22:00,SUCCESS
coding_plan,chatcompletion-v2(Text API),MiniMax-M2.5-highspeed,0.0000,0.0000,1039587,12525,1052112,2026-03-02 21:00-22:00,SUCCESS
coding_plan,chatcompletion-v2(Text API),MiniMax-M2,0.0000,0.0000,1410692,879,1411571,2026-03-02 21:00-22:00,SUCCESS
coding_plan,cache-read(Text API),MiniMax-M2.5-highspeed,0.0000,0.0000,1892053,0,1892053,2026-03-02 20:00-21:00,SUCCESS
coding_plan,chatcompletion-v2(Text API),MiniMax-M2.5-highspeed,0.0000,0.0000,2374316,3550,2377866,2026-03-02 20:00-21:00,SUCCESS
coding_plan,chatcompletion-v2(Text API),MiniMax-M2,0.0000,0.0000,1403193,1116,1404309,2026-03-02 20:00-21:00,SUCCESS
coding_plan,cache-read(Text API),MiniMax-M2.5-highspeed,0.0000,0.0000,11383838,0,11383838,2026-03-02 19:00-20:00,SUCCESS
coding_plan,chatcompletion-v2(Text API),MiniMax-M2.5-highspeed,0.0000,0.0000,3593253,13986,3607239,2026-03-02 19:00-20:00,SUCCESS
coding_plan,chatcompletion-v2(Text API),MiniMax-M2,0.0000,0.0000,1853806,1283,1855089,2026-03-02 19:00-20:00,SUCCESS
coding_plan,cache-read(Text API),MiniMax-M2.5-highspeed,0.0000,0.0000,4124856,0,4124856,2026-03-02 18:00-19:00,SUCCESS
coding_plan,chatcompletion-v2(Text API),MiniMax-M2.5-highspeed,0.0000,0.0000,281915,10616,292531,2026-03-02 18:00-19:00,SUCCESS
coding_plan,chatcompletion-v2(Text API),MiniMax-M2,0.0000,0.0000,2032865,2809,2035674,2026-03-02 18:00-19:00,SUCCESS
coding_plan,cache-read(Text API),MiniMax-M2.5-highspeed,0.0000,0.0000,66312,0,66312,2026-03-02 17:00-18:00,SUCCESS
coding_plan,chatcompletion-v2(Text API),MiniMax-M2.5-highspeed,0.0000,0.0000,65325,150,65475,2026-03-02 17:00-18:00,SUCCESS
coding_plan,chatcompletion-v2(Text API),MiniMax-M2,0.0000,0.0000,1497456,2016,1499472,2026-03-02 17:00-18:00,SUCCESS
coding_plan,chatcompletion-v2(Text API),MiniMax-M2,0.0000,0.0000,1172619,1416,1174035,2026-03-02 16:00-17:00,SUCCESS
coding_plan,cache-read(Text API),MiniMax-M2.5-highspeed,0.0000,0.0000,646174,0,646174,2026-03-02 15:00-16:00,SUCCESS
coding_plan,chatcompletion-v2(Text API),MiniMax-M2.5-highspeed,0.0000,0.0000,118639,3163,121802,2026-03-02 15:00-16:00,SUCCESS
coding_plan,chatcompletion-v2(Text API),MiniMax-M2,0.0000,0.0000,1063722,1720,1065442,2026-03-02 15:00-16:00,SUCCESS
coding_plan,chatcompletion-v2(Text API),MiniMax-M2,0.0000,0.0000,967226,1355,968581,2026-03-02 14:00-15:00,SUCCESS
coding_plan,chatcompletion-v2(Text API),MiniMax-M2,0.0000,0.0000,1019605,1607,1021212,2026-03-02 13:00-14:00,SUCCESS
coding_plan,chatcompletion-v2(Text API),MiniMax-M2,0.0000,0.0000,879978,1435,881413,2026-03-02 12:00-13:00,SUCCESS
coding_plan,chatcompletion-v2(Text API),MiniMax-M2,0.0000,0.0000,879474,1538,881012,2026-03-02 11:00-12:00,SUCCESS
coding_plan,chatcompletion-v2(Text API),MiniMax-M2,0.0000,0.0000,751363,1233,752596,2026-03-02 10:00-11:00,SUCCESS
coding_plan,chatcompletion-v2(Text API),MiniMax-M2,0.0000,0.0000,748627,1333,749960,2026-03-02 09:00-10:00,SUCCESS
coding_plan,chatcompletion-v2(Text API),MiniMax-M2,0.0000,0.0000,705092,1683,706775,2026-03-02 08:00-09:00,SUCCESS
coding_plan,chatcompletion-v2(Text API),MiniMax-M2,0.0000,0.0000,799350,1815,801165,2026-03-02 07:00-08:00,SUCCESS
coding_plan,cache-read(Text API),MiniMax-M2.5-highspeed,0.0000,0.0000,228624,0,228624,2026-03-02 06:00-07:00,SUCCESS
coding_plan,cache-read(Text API),MiniMax-M2.5,0.0000,0.0000,614208,0,614208,2026-03-02 06:00-07:00,SUCCESS
coding_plan,chatcompletion-v2(Text API),MiniMax-M2.5-highspeed,0.0000,0.0000,33292,2073,35365,2026-03-02 06:00-07:00,SUCCESS
coding_plan,chatcompletion-v2(Text API),MiniMax-M2,0.0000,0.0000,546409,1517,547926,2026-03-02 06:00-07:00,SUCCESS
coding_plan,chatcompletion-v2(Text API),MiniMax-M2.5,0.0000,0.0000,48550,5956,54506,2026-03-02 06:00-07:00,SUCCESS
coding_plan,chatcompletion-v2(Text API),MiniMax-M2,0.0000,0.0000,534849,1437,536286,2026-03-02 05:00-06:00,SUCCESS
coding_plan,chatcompletion-v2(Text API),MiniMax-M2,0.0000,0.0000,550068,1995,552063,2026-03-02 04:00-05:00,SUCCESS
coding_plan,chatcompletion-v2(Text API),MiniMax-M2,0.0000,0.0000,402422,2805,405227,2026-03-02 03:00-04:00,SUCCESS
coding_plan,cache-read(Text API),MiniMax-M2.5-highspeed,0.0000,0.0000,327721,0,327721,2026-03-02 02:00-03:00,SUCCESS
coding_plan,cache-read(Text API),MiniMax-M2.1,0.0000,0.0000,391562,0,391562,2026-03-02 02:00-03:00,SUCCESS
coding_plan,chatcompletion-v2(Text API),MiniMax-M2.5-highspeed,0.0000,0.0000,103244,2747,105991,2026-03-02 02:00-03:00,SUCCESS
coding_plan,chatcompletion-v2(Text API),MiniMax-M2,0.0000,0.0000,1723831,1511,1725342,2026-03-02 02:00-03:00,SUCCESS
coding_plan,chatcompletion-v2(Text API),MiniMax-M2.1,0.0000,0.0000,89204,4133,93337,2026-03-02 02:00-03:00,SUCCESS
coding_plan,chatcompletion-v2(Text API),MiniMax-M2,0.0000,0.0000,1503874,1672,1505546,2026-03-02 01:00-02:00,SUCCESS
coding_plan,chatcompletion-v2(Text API),MiniMax-M2,0.0000,0.0000,1309317,1281,1310598,2026-03-02 00:00-01:00,SUCCESS
coding_plan,chatcompletion-v2(Text API),MiniMax-M2,0.0000,0.0000,1362523,1702,1364225,2026-03-01 23:00-24:00,SUCCESS
coding_plan,chatcompletion-v2(Text API),MiniMax-M2,0.0000,0.0000,1184272,1326,1185598,2026-03-01 22:00-23:00,SUCCESS
coding_plan,chatcompletion-v2(Text API),MiniMax-M2,0.0000,0.0000,1510748,1705,1512453,2026-03-01 21:00-22:00,SUCCESS
coding_plan,chatcompletion-v2(Text API),MiniMax-M2,0.0000,0.0000,1280673,1650,1282323,2026-03-01 20:00-21:00,SUCCESS
coding_plan,chatcompletion-v2(Text API),MiniMax-M2,0.0000,0.0000,1162075,1161,1163236,2026-03-01 19:00-20:00,SUCCESS
coding_plan,chatcompletion-v2(Text API),MiniMax-M2,0.0000,0.0000,1054904,1270,1056174,2026-03-01 18:00-19:00,SUCCESS
coding_plan,chatcompletion-v2(Text API),MiniMax-M2,0.0000,0.0000,1006405,1014,1007419,2026-03-01 17:00-18:00,SUCCESS
coding_plan,chatcompletion-v2(Text API),MiniMax-M2,0.0000,0.0000,802762,944,803706,2026-03-01 16:00-17:00,SUCCESS
coding_plan,chatcompletion-v2(Text API),MiniMax-M2,0.0000,0.0000,863568,1231,864799,2026-03-01 15:00-16:00,SUCCESS
coding_plan,chatcompletion-v2(Text API),MiniMax-M2,0.0000,0.0000,688396,967,689363,2026-03-01 14:00-15:00,SUCCESS
coding_plan,chatcompletion-v2(Text API),MiniMax-M2,0.0000,0.0000,786059,1371,787430,2026-03-01 13:00-14:00,SUCCESS
coding_plan,chatcompletion-v2(Text API),MiniMax-M2,0.0000,0.0000,665308,965,666273,2026-03-01 12:00-13:00,SUCCESS
coding_plan,chatcompletion-v2(Text API),MiniMax-M2,0.0000,0.0000,671175,1217,672392,2026-03-01 11:00-12:00,SUCCESS
coding_plan,cache-read(Text API),MiniMax-M2.5-highspeed,0.0000,0.0000,39273,0,39273,2026-03-01 10:00-11:00,SUCCESS
coding_plan,cache-read(Text API),MiniMax-M2.1,0.0000,0.0000,254214,0,254214,2026-03-01 10:00-11:00,SUCCESS
coding_plan,chatcompletion-v2(Text API),MiniMax-M2.5-highspeed,0.0000,0.0000,38306,196,38502,2026-03-01 10:00-11:00,SUCCESS
coding_plan,chatcompletion-v2(Text API),MiniMax-M2,0.0000,0.0000,561245,1018,562263,2026-03-01 10:00-11:00,SUCCESS
coding_plan,chatcompletion-v2(Text API),MiniMax-M2.1,0.0000,0.0000,20214,1874,22088,2026-03-01 10:00-11:00,SUCCESS
coding_plan,chatcompletion-v2(Text API),MiniMax-M2,0.0000,0.0000,630565,1140,631705,2026-03-01 09:00-10:00,SUCCESS
coding_plan,chatcompletion-v2(Text API),MiniMax-M2,0.0000,0.0000,529315,1045,530360,2026-03-01 08:00-09:00,SUCCESS
coding_plan,cache-read(Text API),MiniMax-M2.5-highspeed,0.0000,0.0000,33358,0,33358,2026-03-01 07:00-08:00,SUCCESS
coding_plan,cache-read(Text API),MiniMax-M2.1,0.0000,0.0000,159561,0,159561,2026-03-01 07:00-08:00,SUCCESS
coding_plan,chatcompletion-v2(Text API),MiniMax-M2.5-highspeed,0.0000,0.0000,31067,210,31277,2026-03-01 07:00-08:00,SUCCESS
coding_plan,chatcompletion-v2(Text API),MiniMax-M2,0.0000,0.0000,467439,934,468373,2026-03-01 07:00-08:00,SUCCESS
coding_plan,chatcompletion-v2(Text API),MiniMax-M2.1,0.0000,0.0000,25252,1257,26509,2026-03-01 07:00-08:00,SUCCESS
coding_plan,cache-read(Text API),MiniMax-M2.5-highspeed,0.0000,0.0000,30426,0,30426,2026-03-01 06:00-07:00,SUCCESS
coding_plan,cache-read(Text API),MiniMax-M2.5,0.0000,0.0000,108208,0,108208,2026-03-01 06:00-07:00,SUCCESS
coding_plan,chatcompletion-v2(Text API),MiniMax-M2.5-highspeed,0.0000,0.0000,28152,231,28383,2026-03-01 06:00-07:00,SUCCESS
coding_plan,chatcompletion-v2(Text API),MiniMax-M2,0.0000,0.0000,433079,764,433843,2026-03-01 06:00-07:00,SUCCESS
coding_plan,chatcompletion-v2(Text API),MiniMax-M2.5,0.0000,0.0000,14496,1446,15942,2026-03-01 06:00-07:00,SUCCESS
coding_plan,chatcompletion-v2(Text API),MiniMax-M2,0.0000,0.0000,487308,1028,488336,2026-03-01 05:00-06:00,SUCCESS
coding_plan,chatcompletion-v2(Text API),MiniMax-M2,0.0000,0.0000,443223,1883,445106,2026-03-01 04:00-05:00,SUCCESS
coding_plan,chatcompletion-v2(Text API),MiniMax-M2,0.0000,0.0000,532164,3019,535183,2026-03-01 03:00-04:00,SUCCESS
coding_plan,cache-read(Text API),MiniMax-M2.5-highspeed,0.0000,0.0000,162360,0,162360,2026-03-01 02:00-03:00,SUCCESS
coding_plan,cache-read(Text API),MiniMax-M2.1,0.0000,0.0000,865064,0,865064,2026-03-01 02:00-03:00,SUCCESS
coding_plan,chatcompletion-v2(Text API),MiniMax-M2.5-highspeed,0.0000,0.0000,121171,1764,122935,2026-03-01 02:00-03:00,SUCCESS
coding_plan,chatcompletion-v2(Text API),MiniMax-M2,0.0000,0.0000,4010660,3199,4013859,2026-03-01 02:00-03:00,SUCCESS
coding_plan,chatcompletion-v2(Text API),MiniMax-M2.1,0.0000,0.0000,67098,5482,72580,2026-03-01 02:00-03:00,SUCCESS
coding_plan,chatcompletion-v2(Text API),MiniMax-M2,0.0000,0.0000,1971476,1524,1973000,2026-03-01 01:00-02:00,SUCCESS
coding_plan,cache-read(Text API),MiniMax-M2.5-highspeed,0.0000,0.0000,10654803,0,10654803,2026-03-01 00:00-01:00,SUCCESS
coding_plan,chatcompletion-v2(Text API),MiniMax-M2.5-highspeed,0.0000,0.0000,386780,27813,414593,2026-03-01 00:00-01:00,SUCCESS
coding_plan,chatcompletion-v2(Text API),MiniMax-M2,0.0000,0.0000,2590437,9419,2599856,2026-03-01 00:00-01:00,SUCCESS
coding_plan,cache-read(Text API),MiniMax-M2.5-highspeed,0.0000,0.0000,10985293,0,10985293,2026-02-28 23:00-24:00,SUCCESS
coding_plan,chatcompletion-v2(Text API),MiniMax-M2.5-highspeed,0.0000,0.0000,2166116,10482,2176598,2026-02-28 23:00-24:00,SUCCESS
coding_plan,chatcompletion-v2(Text API),MiniMax-M2,0.0000,0.0000,5532948,2339,5535287,2026-02-28 23:00-24:00,SUCCESS
coding_plan,cache-read(Text API),MiniMax-M2.5-highspeed,0.0000,0.0000,7441052,0,7441052,2026-02-28 22:00-23:00,SUCCESS
coding_plan,chatcompletion-v2(Text API),MiniMax-M2.5-highspeed,0.0000,0.0000,2073538,5328,2078866,2026-02-28 22:00-23:00,SUCCESS
coding_plan,chatcompletion-v2(Text API),MiniMax-M2,0.0000,0.0000,4400403,1411,4401814,2026-02-28 22:00-23:00,SUCCESS
coding_plan,cache-read(Text API),MiniMax-M2.5-highspeed,0.0000,0.0000,7509579,0,7509579,2026-02-28 21:00-22:00,SUCCESS
coding_plan,chatcompletion-v2(Text API),MiniMax-M2.5-highspeed,0.0000,0.0000,3369728,7928,3377656,2026-02-28 21:00-22:00,SUCCESS
coding_plan,chatcompletion-v2(Text API),MiniMax-M2,0.0000,0.0000,3636738,1199,3637937,2026-02-28 21:00-22:00,SUCCESS
coding_plan,cache-read(Text API),MiniMax-M2.5-highspeed,0.0000,0.0000,400735,0,400735,2026-02-28 20:00-21:00,SUCCESS
coding_plan,chatcompletion-v2(Text API),MiniMax-M2.5-highspeed,0.0000,0.0000,795292,1686,796978,2026-02-28 20:00-21:00,SUCCESS
coding_plan,chatcompletion-v2(Text API),MiniMax-M2,0.0000,0.0000,4384225,1636,4385861,2026-02-28 20:00-21:00,SUCCESS
coding_plan,cache-read(Text API),MiniMax-M2.5-highspeed,0.0000,0.0000,2915861,0,2915861,2026-02-28 19:00-20:00,SUCCESS
coding_plan,chatcompletion-v2(Text API),MiniMax-M2.5-highspeed,0.0000,0.0000,2664317,7576,2671893,2026-02-28 19:00-20:00,SUCCESS
coding_plan,chatcompletion-v2(Text API),MiniMax-M2,0.0000,0.0000,4405945,2031,4407976,2026-02-28 19:00-20:00,SUCCESS
coding_plan,cache-read(Text API),MiniMax-M2.5-highspeed,0.0000,0.0000,2688736,0,2688736,2026-02-28 18:00-19:00,SUCCESS
coding_plan,chatcompletion-v2(Text API),MiniMax-M2.5-highspeed,0.0000,0.0000,5181325,6983,5188308,2026-02-28 18:00-19:00,SUCCESS
coding_plan,chatcompletion-v2(Text API),MiniMax-M2,0.0000,0.0000,4512946,2570,4515516,2026-02-28 18:00-19:00,SUCCESS
coding_plan,cache-read(Text API),MiniMax-M2.5-highspeed,0.0000,0.0000,5843467,0,5843467,2026-02-28 17:00-18:00,SUCCESS
coding_plan,chatcompletion-v2(Text API),MiniMax-M2.5-highspeed,0.0000,0.0000,3260305,9032,3269337,2026-02-28 17:00-18:00,SUCCESS
coding_plan,chatcompletion-v2(Text API),MiniMax-M2,0.0000,0.0000,3373561,1296,3374857,2026-02-28 17:00-18:00,SUCCESS
coding_plan,chatcompletion-v2(Text API),MiniMax-M2,0.0000,0.0000,3291974,1417,3293391,2026-02-28 16:00-17:00,SUCCESS
coding_plan,cache-read(Text API),MiniMax-M2.5-highspeed,0.0000,0.0000,4779324,0,4779324,2026-02-28 15:00-16:00,SUCCESS
coding_plan,chatcompletion-v2(Text API),MiniMax-M2.5-highspeed,0.0000,0.0000,480220,6348,486568,2026-02-28 15:00-16:00,SUCCESS
coding_plan,chatcompletion-v2(Text API),MiniMax-M2,0.0000,0.0000,3155605,1274,3156879,2026-02-28 15:00-16:00,SUCCESS
coding_plan,cache-read(Text API),MiniMax-M2.5-highspeed,0.0000,0.0000,1173467,0,1173467,2026-02-28 14:00-15:00,SUCCESS
coding_plan,chatcompletion-v2(Text API),MiniMax-M2.5-highspeed,0.0000,0.0000,296579,1638,298217,2026-02-28 14:00-15:00,SUCCESS
coding_plan,chatcompletion-v2(Text API),MiniMax-M2,0.0000,0.0000,2950690,1342,2952032,2026-02-28 14:00-15:00,SUCCESS
coding_plan,cache-read(Text API),MiniMax-M2.5-highspeed,0.0000,0.0000,5577696,0,5577696,2026-02-28 13:00-14:00,SUCCESS
coding_plan,chatcompletion-v2(Text API),MiniMax-M2.5-highspeed,0.0000,0.0000,546628,7726,554354,2026-02-28 13:00-14:00,SUCCESS
coding_plan,chatcompletion-v2(Text API),MiniMax-M2,0.0000,0.0000,2736797,1426,2738223,2026-02-28 13:00-14:00,SUCCESS
coding_plan,cache-read(Text API),MiniMax-M2.5-highspeed,0.0000,0.0000,9735714,0,9735714,2026-02-28 12:00-13:00,SUCCESS
coding_plan,chatcompletion-v2(Text API),MiniMax-M2.5-highspeed,0.0000,0.0000,361503,17379,378882,2026-02-28 12:00-13:00,SUCCESS
coding_plan,chatcompletion-v2(Text API),MiniMax-M2,0.0000,0.0000,3108494,2278,3110772,2026-02-28 12:00-13:00,SUCCESS
coding_plan,cache-read(Text API),MiniMax-M2.5-highspeed,0.0000,0.0000,2902652,0,2902652,2026-02-28 11:00-12:00,SUCCESS
coding_plan,cache-read(Text API),MiniMax-M2.1,0.0000,0.0000,107886,0,107886,2026-02-28 11:00-12:00,SUCCESS
coding_plan,chatcompletion-v2(Text API),MiniMax-M2.5-highspeed,0.0000,0.0000,334716,8703,343419,2026-02-28 11:00-12:00,SUCCESS
coding_plan,chatcompletion-v2(Text API),MiniMax-M2,0.0000,0.0000,2064044,1745,2065789,2026-02-28 11:00-12:00,SUCCESS
coding_plan,chatcompletion-v2(Text API),MiniMax-M2.1,0.0000,0.0000,16542,1238,17780,2026-02-28 11:00-12:00,SUCCESS
coding_plan,cache-read(Text API),MiniMax-M2.5-highspeed,0.0000,0.0000,2197410,0,2197410,2026-02-28 10:00-11:00,SUCCESS
coding_plan,cache-read(Text API),MiniMax-M2.1,0.0000,0.0000,209022,0,209022,2026-02-28 10:00-11:00,SUCCESS
coding_plan,chatcompletion-v2(Text API),MiniMax-M2.5-highspeed,0.0000,0.0000,138211,9850,148061,2026-02-28 10:00-11:00,SUCCESS
coding_plan,chatcompletion-v2(Text API),MiniMax-M2,0.0000,0.0000,1888835,2712,1891547,2026-02-28 10:00-11:00,SUCCESS
coding_plan,chatcompletion-v2(Text API),MiniMax-M2.1,0.0000,0.0000,32807,1776,34583,2026-02-28 10:00-11:00,SUCCESS
coding_plan,cache-read(Text API),MiniMax-M2.5-highspeed,0.0000,0.0000,1662365,0,1662365,2026-02-28 09:00-10:00,SUCCESS
coding_plan,cache-read(Text API),MiniMax-M2.1,0.0000,0.0000,268258,0,268258,2026-02-28 09:00-10:00,SUCCESS
coding_plan,chatcompletion-v2(Text API),MiniMax-M2.5-highspeed,0.0000,0.0000,187677,8627,196304,2026-02-28 09:00-10:00,SUCCESS
coding_plan,chatcompletion-v2(Text API),MiniMax-M2,0.0000,0.0000,1001147,1743,1002890,2026-02-28 09:00-10:00,SUCCESS
coding_plan,chatcompletion-v2(Text API),MiniMax-M2.1,0.0000,0.0000,33877,2388,36265,2026-02-28 09:00-10:00,SUCCESS
coding_plan,chatcompletion-v2(Text API),MiniMax-M2,0.0000,0.0000,1183792,4135,1187927,2026-02-28 08:00-09:00,SUCCESS
coding_plan,cache-read(Text API),MiniMax-M2.5-highspeed,0.0000,0.0000,94885,0,94885,2026-02-28 07:00-08:00,SUCCESS
coding_plan,cache-read(Text API),MiniMax-M2.1,0.0000,0.0000,2292,0,2292,2026-02-28 07:00-08:00,SUCCESS
coding_plan,chatcompletion-v2(Text API),MiniMax-M2.5-highspeed,0.0000,0.0000,31459,383,31842,2026-02-28 07:00-08:00,SUCCESS
coding_plan,chatcompletion-v2(Text API),MiniMax-M2,0.0000,0.0000,560001,1732,561733,2026-02-28 07:00-08:00,SUCCESS
coding_plan,chatcompletion-v2(Text API),MiniMax-M2.1,0.0000,0.0000,23232,298,23530,2026-02-28 07:00-08:00,SUCCESS
coding_plan,cache-read(Text API),MiniMax-M2.5-highspeed,0.0000,0.0000,28691,0,28691,2026-02-28 06:00-07:00,SUCCESS
coding_plan,cache-read(Text API),MiniMax-M2.5,0.0000,0.0000,1146,0,1146,2026-02-28 06:00-07:00,SUCCESS
coding_plan,chatcompletion-v2(Text API),MiniMax-M2.5-highspeed,0.0000,0.0000,28952,454,29406,2026-02-28 06:00-07:00,SUCCESS
coding_plan,chatcompletion-v2(Text API),MiniMax-M2,0.0000,0.0000,681665,2477,684142,2026-02-28 06:00-07:00,SUCCESS
coding_plan,chatcompletion-v2(Text API),MiniMax-M2.5,0.0000,0.0000,11773,549,12322,2026-02-28 06:00-07:00,SUCCESS
coding_plan,chatcompletion-v2(Text API),MiniMax-M2,0.0000,0.0000,478102,1052,479154,2026-02-28 05:00-06:00,SUCCESS
coding_plan,chatcompletion-v2(Text API),MiniMax-M2,0.0000,0.0000,468045,2008,470053,2026-02-28 04:00-05:00,SUCCESS
coding_plan,chatcompletion-v2(Text API),MiniMax-M2,0.0000,0.0000,399830,3200,403030,2026-02-28 03:00-04:00,SUCCESS
coding_plan,cache-read(Text API),MiniMax-M2.5-highspeed,0.0000,0.0000,208744,0,208744,2026-02-28 02:00-03:00,SUCCESS
coding_plan,cache-read(Text API),MiniMax-M2.1,0.0000,0.0000,13736,0,13736,2026-02-28 02:00-03:00,SUCCESS
coding_plan,chatcompletion-v2(Text API),MiniMax-M2.5-highspeed,0.0000,0.0000,91649,4044,95693,2026-02-28 02:00-03:00,SUCCESS
coding_plan,chatcompletion-v2(Text API),MiniMax-M2,0.0000,0.0000,1837505,1715,1839220,2026-02-28 02:00-03:00,SUCCESS
coding_plan,chatcompletion-v2(Text API),MiniMax-M2.1,0.0000,0.0000,11524,272,11796,2026-02-28 02:00-03:00,SUCCESS
coding_plan,chatcompletion-v2(Text API),MiniMax-M2,0.0000,0.0000,1467104,1374,1468478,2026-02-28 01:00-02:00,SUCCESS
coding_plan,chatcompletion-v2(Text API),MiniMax-M2,0.0000,0.0000,1548186,1724,1549910,2026-02-28 00:00-01:00,SUCCESS
coding_plan,chatcompletion-v2(Text API),MiniMax-M2,0.0000,0.0000,1520338,1774,1522112,2026-02-27 23:00-24:00,SUCCESS
coding_plan,chatcompletion-v2(Text API),MiniMax-M2,0.0000,0.0000,1448853,1539,1450392,2026-02-27 22:00-23:00,SUCCESS
coding_plan,chatcompletion-v2(Text API),MiniMax-M2,0.0000,0.0000,1202234,1401,1203635,2026-02-27 21:00-22:00,SUCCESS
coding_plan,cache-read(Text API),MiniMax-M2.5-highspeed,0.0000,0.0000,11171274,0,11171274,2026-02-27 20:00-21:00,SUCCESS
coding_plan,chatcompletion-v2(Text API),MiniMax-M2.5-highspeed,0.0000,0.0000,1625416,12777,1638193,2026-02-27 20:00-21:00,SUCCESS
coding_plan,chatcompletion-v2(Text API),MiniMax-M2,0.0000,0.0000,3404107,8022,3412129,2026-02-27 20:00-21:00,SUCCESS
coding_plan,cache-read(Text API),MiniMax-M2.5-highspeed,0.0000,0.0000,4539502,0,4539502,2026-02-27 19:00-20:00,SUCCESS
coding_plan,chatcompletion-v2(Text API),MiniMax-M2.5-highspeed,0.0000,0.0000,2502147,3627,2505774,2026-02-27 19:00-20:00,SUCCESS
coding_plan,chatcompletion-v2(Text API),MiniMax-M2,0.0000,0.0000,7308226,2921,7311147,2026-02-27 19:00-20:00,SUCCESS
coding_plan,cache-read(Text API),MiniMax-M2.5-highspeed,0.0000,0.0000,1926148,0,1926148,2026-02-27 18:00-19:00,SUCCESS
coding_plan,chatcompletion-v2(Text API),MiniMax-M2.5-highspeed,0.0000,0.0000,859865,2256,862121,2026-02-27 18:00-19:00,SUCCESS
coding_plan,chatcompletion-v2(Text API),MiniMax-M2,0.0000,0.0000,4998425,1743,5000168,2026-02-27 18:00-19:00,SUCCESS
coding_plan,cache-read(Text API),MiniMax-M2.5-highspeed,0.0000,0.0000,1464240,0,1464240,2026-02-27 17:00-18:00,SUCCESS
coding_plan,chatcompletion-v2(Text API),MiniMax-M2.5-highspeed,0.0000,0.0000,1091506,1658,1093164,2026-02-27 17:00-18:00,SUCCESS
coding_plan,chatcompletion-v2(Text API),MiniMax-M2,0.0000,0.0000,4266617,1270,4267887,2026-02-27 17:00-18:00,SUCCESS
coding_plan,cache-read(Text API),MiniMax-M2.5-highspeed,0.0000,0.0000,1640029,0,1640029,2026-02-27 16:00-17:00,SUCCESS
coding_plan,chatcompletion-v2(Text API),MiniMax-M2.5-highspeed,0.0000,0.0000,669308,3424,672732,2026-02-27 16:00-17:00,SUCCESS
coding_plan,chatcompletion-v2(Text API),MiniMax-M2,0.0000,0.0000,4557223,1623,4558846,2026-02-27 16:00-17:00,SUCCESS
coding_plan,cache-read(Text API),MiniMax-M2.5-highspeed,0.0000,0.0000,1629987,0,1629987,2026-02-27 15:00-16:00,SUCCESS
coding_plan,chatcompletion-v2(Text API),MiniMax-M2.5-highspeed,0.0000,0.0000,409443,1134,410577,2026-02-27 15:00-16:00,SUCCESS
coding_plan,chatcompletion-v2(Text API),MiniMax-M2,0.0000,0.0000,4724607,1795,4726402,2026-02-27 15:00-16:00,SUCCESS
coding_plan,cache-read(Text API),MiniMax-M2.5-highspeed,0.0000,0.0000,9648181,0,9648181,2026-02-27 14:00-15:00,SUCCESS
coding_plan,cache-read(Text API),MiniMax-M2.1,0.0000,0.0000,1146,0,1146,2026-02-27 14:00-15:00,SUCCESS
coding_plan,chatcompletion-v2(Text API),MiniMax-M2.5-highspeed,0.0000,0.0000,7942761,10888,7953649,2026-02-27 14:00-15:00,SUCCESS
coding_plan,chatcompletion-v2(Text API),MiniMax-M2,0.0000,0.0000,6838137,2748,6840885,2026-02-27 14:00-15:00,SUCCESS
coding_plan,chatcompletion-v2(Text API),MiniMax-M2.1,0.0000,0.0000,11482,252,11734,2026-02-27 14:00-15:00,SUCCESS
coding_plan,cache-read(Text API),MiniMax-M2.5-highspeed,0.0000,0.0000,12794547,0,12794547,2026-02-27 13:00-14:00,SUCCESS
coding_plan,chatcompletion-v2(Text API),MiniMax-M2.5-highspeed,0.0000,0.0000,2336569,11653,2348222,2026-02-27 13:00-14:00,SUCCESS
coding_plan,chatcompletion-v2(Text API),MiniMax-M2,0.0000,0.0000,3849214,1604,3850818,2026-02-27 13:00-14:00,SUCCESS
coding_plan,cache-read(Text API),MiniMax-M2.5-highspeed,0.0000,0.0000,9642984,0,9642984,2026-02-27 12:00-13:00,SUCCESS
coding_plan,chatcompletion-v2(Text API),MiniMax-M2.5-highspeed,0.0000,0.0000,833348,6707,840055,2026-02-27 12:00-13:00,SUCCESS
coding_plan,chatcompletion-v2(Text API),MiniMax-M2,0.0000,0.0000,2839745,1313,2841058,2026-02-27 12:00-13:00,SUCCESS
coding_plan,cache-read(Text API),MiniMax-M2.5-highspeed,0.0000,0.0000,6887441,0,6887441,2026-02-27 11:00-12:00,SUCCESS
coding_plan,chatcompletion-v2(Text API),MiniMax-M2.5-highspeed,0.0000,0.0000,582432,5341,587773,2026-02-27 11:00-12:00,SUCCESS
coding_plan,chatcompletion-v2(Text API),MiniMax-M2,0.0000,0.0000,6270953,3998,6274951,2026-02-27 11:00-12:00,SUCCESS
coding_plan,cache-read(Text API),MiniMax-M2.5-highspeed,0.0000,0.0000,13885561,0,13885561,2026-02-27 10:00-11:00,SUCCESS
coding_plan,cache-read(Text API),MiniMax-M2.1,0.0000,0.0000,283,0,283,2026-02-27 10:00-11:00,SUCCESS
coding_plan,chatcompletion-v2(Text API),MiniMax-M2.5-highspeed,0.0000,0.0000,260980,16634,277614,2026-02-27 10:00-11:00,SUCCESS
coding_plan,chatcompletion-v2(Text API),MiniMax-M2,0.0000,0.0000,3680566,3106,3683672,2026-02-27 10:00-11:00,SUCCESS
coding_plan,chatcompletion-v2(Text API),MiniMax-M2.1,0.0000,0.0000,12166,186,12352,2026-02-27 10:00-11:00,SUCCESS
coding_plan,cache-read(Text API),MiniMax-M2.5-highspeed,0.0000,0.0000,2279984,0,2279984,2026-02-27 09:00-10:00,SUCCESS
coding_plan,chatcompletion-v2(Text API),MiniMax-M2.5-highspeed,0.0000,0.0000,87210,7811,95021,2026-02-27 09:00-10:00,SUCCESS
coding_plan,chatcompletion-v2(Text API),MiniMax-M2,0.0000,0.0000,6632367,7991,6640358,2026-02-27 09:00-10:00,SUCCESS
coding_plan,cache-read(Text API),MiniMax-M2.5-highspeed,0.0000,0.0000,290,0,290,2026-02-27 08:00-09:00,SUCCESS
coding_plan,chatcompletion-v2(Text API),MiniMax-M2.5-highspeed,0.0000,0.0000,59788,774,60562,2026-02-27 08:00-09:00,SUCCESS
coding_plan,chatcompletion-v2(Text API),MiniMax-M2,0.0000,0.0000,3287808,4936,3292744,2026-02-27 08:00-09:00,SUCCESS
coding_plan,cache-read(Text API),MiniMax-M2.5-highspeed,0.0000,0.0000,54447,0,54447,2026-02-27 07:00-08:00,SUCCESS
coding_plan,cache-read(Text API),MiniMax-M2.1,0.0000,0.0000,959,0,959,2026-02-27 07:00-08:00,SUCCESS
coding_plan,chatcompletion-v2(Text API),MiniMax-M2.5-highspeed,0.0000,0.0000,54062,250,54312,2026-02-27 07:00-08:00,SUCCESS
coding_plan,chatcompletion-v2(Text API),MiniMax-M2,0.0000,0.0000,2753242,5381,2758623,2026-02-27 07:00-08:00,SUCCESS
coding_plan,chatcompletion-v2(Text API),MiniMax-M2.1,0.0000,0.0000,11389,106,11495,2026-02-27 07:00-08:00,SUCCESS
coding_plan,cache-read(Text API),MiniMax-M2.5,0.0000,0.0000,960,0,960,2026-02-27 06:00-07:00,SUCCESS
coding_plan,chatcompletion-v2(Text API),MiniMax-M2,0.0000,0.0000,2254893,4679,2259572,2026-02-27 06:00-07:00,SUCCESS
coding_plan,chatcompletion-v2(Text API),MiniMax-M2.5,0.0000,0.0000,11477,698,12175,2026-02-27 06:00-07:00,SUCCESS
coding_plan,chatcompletion-v2(Text API),MiniMax-M2,0.0000,0.0000,2101783,4921,2106704,2026-02-27 05:00-06:00,SUCCESS
coding_plan,chatcompletion-v2(Text API),MiniMax-M2,0.0000,0.0000,1509058,3604,1512662,2026-02-27 04:00-05:00,SUCCESS
coding_plan,chatcompletion-v2(Text API),MiniMax-M2,0.0000,0.0000,1237501,4970,1242471,2026-02-27 03:00-04:00,SUCCESS
coding_plan,cache-read(Text API),MiniMax-M2.5-highspeed,0.0000,0.0000,141405,0,141405,2026-02-27 02:00-03:00,SUCCESS
coding_plan,cache-read(Text API),MiniMax-M2.1,0.0000,0.0000,13068,0,13068,2026-02-27 02:00-03:00,SUCCESS
coding_plan,chatcompletion-v2(Text API),MiniMax-M2.5-highspeed,0.0000,0.0000,14797,2270,17067,2026-02-27 02:00-03:00,SUCCESS
coding_plan,chatcompletion-v2(Text API),MiniMax-M2,0.0000,0.0000,3272968,713,3273681,2026-02-27 02:00-03:00,SUCCESS
coding_plan,chatcompletion-v2(Text API),MiniMax-M2.1,0.0000,0.0000,11228,233,11461,2026-02-27 02:00-03:00,SUCCESS
coding_plan,chatcompletion-v2(Text API),MiniMax-M2,0.0000,0.0000,4187866,1014,4188880,2026-02-27 01:00-02:00,SUCCESS
coding_plan,cache-read(Text API),MiniMax-M2.5-highspeed,0.0000,0.0000,397641,0,397641,2026-02-27 00:00-01:00,SUCCESS
coding_plan,chatcompletion-v2(Text API),MiniMax-M2.5-highspeed,0.0000,0.0000,1379334,2307,1381641,2026-02-27 00:00-01:00,SUCCESS
coding_plan,chatcompletion-v2(Text API),MiniMax-M2,0.0000,0.0000,8609744,2799,8612543,2026-02-27 00:00-01:00,SUCCESS
coding_plan,cache-read(Text API),MiniMax-M2.5-highspeed,0.0000,0.0000,6061964,0,6061964,2026-02-26 23:00-24:00,SUCCESS
coding_plan,chatcompletion-v2(Text API),MiniMax-M2.5-highspeed,0.0000,0.0000,681057,8817,689874,2026-02-26 23:00-24:00,SUCCESS
coding_plan,chatcompletion-v2(Text API),MiniMax-M2,0.0000,0.0000,8851218,3320,8854538,2026-02-26 23:00-24:00,SUCCESS
coding_plan,cache-read(Text API),MiniMax-M2.5-highspeed,0.0000,0.0000,6525695,0,6525695,2026-02-26 22:00-23:00,SUCCESS
coding_plan,chatcompletion-v2(Text API),MiniMax-M2.5-highspeed,0.0000,0.0000,300722,11579,312301,2026-02-26 22:00-23:00,SUCCESS
coding_plan,chatcompletion-v2(Text API),MiniMax-M2,0.0000,0.0000,11590193,9597,11599790,2026-02-26 22:00-23:00,SUCCESS
coding_plan,cache-read(Text API),MiniMax-M2.5-highspeed,0.0000,0.0000,5202710,0,5202710,2026-02-26 21:00-22:00,SUCCESS
coding_plan,chatcompletion-v2(Text API),MiniMax-M2.5-highspeed,0.0000,0.0000,446765,12081,458846,2026-02-26 21:00-22:00,SUCCESS
coding_plan,chatcompletion-v2(Text API),MiniMax-M2,0.0000,0.0000,10328321,7424,10335745,2026-02-26 21:00-22:00,SUCCESS
coding_plan,cache-read(Text API),MiniMax-M2.5-highspeed,0.0000,0.0000,6920439,0,6920439,2026-02-26 20:00-21:00,SUCCESS
coding_plan,chatcompletion-v2(Text API),MiniMax-M2.5-highspeed,0.0000,0.0000,148673,20148,168821,2026-02-26 20:00-21:00,SUCCESS
coding_plan,chatcompletion-v2(Text API),MiniMax-M2,0.0000,0.0000,9022996,16391,9039387,2026-02-26 20:00-21:00,SUCCESS
coding_plan,cache-read(Text API),MiniMax-M2.5-highspeed,0.0000,0.0000,28924774,0,28924774,2026-02-26 19:00-20:00,SUCCESS
coding_plan,chatcompletion-v2(Text API),MiniMax-M2.5-highspeed,0.0000,0.0000,1699590,19906,1719496,2026-02-26 19:00-20:00,SUCCESS
coding_plan,chatcompletion-v2(Text API),MiniMax-M2,0.0000,0.0000,11697629,20409,11718038,2026-02-26 19:00-20:00,SUCCESS
coding_plan,cache-read(Text API),MiniMax-M2.5-highspeed,0.0000,0.0000,2298068,0,2298068,2026-02-26 18:00-19:00,SUCCESS
coding_plan,chatcompletion-v2(Text API),MiniMax-M2.5-highspeed,0.0000,0.0000,809511,3144,812655,2026-02-26 18:00-19:00,SUCCESS
coding_plan,chatcompletion-v2(Text API),MiniMax-M2,0.0000,0.0000,6518996,2360,6521356,2026-02-26 18:00-19:00,SUCCESS
coding_plan,cache-read(Text API),MiniMax-M2.5-highspeed,0.0000,0.0000,3153771,0,3153771,2026-02-26 17:00-18:00,SUCCESS
coding_plan,chatcompletion-v2(Text API),MiniMax-M2.5-highspeed,0.0000,0.0000,1471734,2393,1474127,2026-02-26 17:00-18:00,SUCCESS
coding_plan,chatcompletion-v2(Text API),MiniMax-M2,0.0000,0.0000,5358651,1715,5360366,2026-02-26 17:00-18:00,SUCCESS
coding_plan,cache-read(Text API),MiniMax-M2.5-highspeed,0.0000,0.0000,3398338,0,3398338,2026-02-26 16:00-17:00,SUCCESS
coding_plan,chatcompletion-v2(Text API),MiniMax-M2.5-highspeed,0.0000,0.0000,3552960,7082,3560042,2026-02-26 16:00-17:00,SUCCESS
coding_plan,chatcompletion-v2(Text API),MiniMax-M2,0.0000,0.0000,5630534,2016,5632550,2026-02-26 16:00-17:00,SUCCESS
coding_plan,chatcompletion-v2(Text API),MiniMax-M2,0.0000,0.0000,5760583,2212,5762795,2026-02-26 15:00-16:00,SUCCESS
coding_plan,cache-read(Text API),MiniMax-M2.5-highspeed,0.0000,0.0000,6250842,0,6250842,2026-02-26 14:00-15:00,SUCCESS
coding_plan,cache-read(Text API),MiniMax-M2.1,0.0000,0.0000,960,0,960,2026-02-26 14:00-15:00,SUCCESS
coding_plan,chatcompletion-v2(Text API),MiniMax-M2.5-highspeed,0.0000,0.0000,5463165,9646,5472811,2026-02-26 14:00-15:00,SUCCESS
coding_plan,chatcompletion-v2(Text API),MiniMax-M2,0.0000,0.0000,7670419,3293,7673712,2026-02-26 14:00-15:00,SUCCESS
coding_plan,chatcompletion-v2(Text API),MiniMax-M2.1,0.0000,0.0000,11184,159,11343,2026-02-26 14:00-15:00,SUCCESS
coding_plan,cache-read(Text API),MiniMax-M2.5-highspeed,0.0000,0.0000,6596468,0,6596468,2026-02-26 13:00-14:00,SUCCESS
coding_plan,chatcompletion-v2(Text API),MiniMax-M2.5-highspeed,0.0000,0.0000,7076140,15197,7091337,2026-02-26 13:00-14:00,SUCCESS
coding_plan,chatcompletion-v2(Text API),MiniMax-M2,0.0000,0.0000,9692354,4475,9696829,2026-02-26 13:00-14:00,SUCCESS
coding_plan,cache-read(Text API),MiniMax-M2.5-highspeed,0.0000,0.0000,6342293,0,6342293,2026-02-26 12:00-13:00,SUCCESS
coding_plan,chatcompletion-v2(Text API),MiniMax-M2.5-highspeed,0.0000,0.0000,345994,7059,353053,2026-02-26 12:00-13:00,SUCCESS
coding_plan,chatcompletion-v2(Text API),MiniMax-M2,0.0000,0.0000,2892601,1557,2894158,2026-02-26 12:00-13:00,SUCCESS
coding_plan,cache-read(Text API),MiniMax-M2.5-highspeed,0.0000,0.0000,8454873,0,8454873,2026-02-26 11:00-12:00,SUCCESS
coding_plan,chatcompletion-v2(Text API),MiniMax-M2.5-highspeed,0.0000,0.0000,1062267,10981,1073248,2026-02-26 11:00-12:00,SUCCESS
coding_plan,chatcompletion-v2(Text API),MiniMax-M2,0.0000,0.0000,4458821,2485,4461306,2026-02-26 11:00-12:00,SUCCESS
coding_plan,cache-read(Text API),MiniMax-M2.5-highspeed,0.0000,0.0000,8704748,0,8704748,2026-02-26 10:00-11:00,SUCCESS
coding_plan,cache-read(Text API),MiniMax-M2.1,0.0000,0.0000,959,0,959,2026-02-26 10:00-11:00,SUCCESS
coding_plan,chatcompletion-v2(Text API),MiniMax-M2.5-highspeed,0.0000,0.0000,469728,20985,490713,2026-02-26 10:00-11:00,SUCCESS
coding_plan,chatcompletion-v2(Text API),MiniMax-M2,0.0000,0.0000,4509980,3761,4513741,2026-02-26 10:00-11:00,SUCCESS
coding_plan,chatcompletion-v2(Text API),MiniMax-M2.1,0.0000,0.0000,11460,173,11633,2026-02-26 10:00-11:00,SUCCESS
coding_plan,cache-read(Text API),MiniMax-M2.5-highspeed,0.0000,0.0000,2844496,0,2844496,2026-02-26 09:00-10:00,SUCCESS
coding_plan,chatcompletion-v2(Text API),MiniMax-M2.5-highspeed,0.0000,0.0000,92571,5605,98176,2026-02-26 09:00-10:00,SUCCESS
coding_plan,chatcompletion-v2(Text API),MiniMax-M2,0.0000,0.0000,2137616,2426,2140042,2026-02-26 09:00-10:00,SUCCESS
coding_plan,cache-read(Text API),MiniMax-M2.5-highspeed,0.0000,0.0000,3338980,0,3338980,2026-02-26 08:00-09:00,SUCCESS
coding_plan,chatcompletion-v2(Text API),MiniMax-M2.5-highspeed,0.0000,0.0000,261721,19083,280804,2026-02-26 08:00-09:00,SUCCESS
coding_plan,chatcompletion-v2(Text API),MiniMax-M2,0.0000,0.0000,2580176,8130,2588306,2026-02-26 08:00-09:00,SUCCESS
coding_plan,cache-read(Text API),MiniMax-M2.5-highspeed,0.0000,0.0000,216633,0,216633,2026-02-26 07:00-08:00,SUCCESS
coding_plan,cache-read(Text API),MiniMax-M2.1,0.0000,0.0000,960,0,960,2026-02-26 07:00-08:00,SUCCESS
coding_plan,chatcompletion-v2(Text API),MiniMax-M2.5-highspeed,0.0000,0.0000,35762,987,36749,2026-02-26 07:00-08:00,SUCCESS
coding_plan,chatcompletion-v2(Text API),MiniMax-M2,0.0000,0.0000,1167633,4525,1172158,2026-02-26 07:00-08:00,SUCCESS
coding_plan,chatcompletion-v2(Text API),MiniMax-M2.1,0.0000,0.0000,11385,72,11457,2026-02-26 07:00-08:00,SUCCESS
coding_plan,cache-read(Text API),MiniMax-M2.5-highspeed,0.0000,0.0000,31318,0,31318,2026-02-26 06:00-07:00,SUCCESS
coding_plan,cache-read(Text API),MiniMax-M2.5,0.0000,0.0000,960,0,960,2026-02-26 06:00-07:00,SUCCESS
coding_plan,chatcompletion-v2(Text API),MiniMax-M2.5-highspeed,0.0000,0.0000,29494,324,29818,2026-02-26 06:00-07:00,SUCCESS
coding_plan,chatcompletion-v2(Text API),MiniMax-M2,0.0000,0.0000,1170690,5142,1175832,2026-02-26 06:00-07:00,SUCCESS
coding_plan,chatcompletion-v2(Text API),MiniMax-M2.5,0.0000,0.0000,11474,328,11802,2026-02-26 06:00-07:00,SUCCESS
coding_plan,chatcompletion-v2(Text API),MiniMax-M2,0.0000,0.0000,621662,2551,624213,2026-02-26 05:00-06:00,SUCCESS
coding_plan,chatcompletion-v2(Text API),MiniMax-M2,0.0000,0.0000,887713,6095,893808,2026-02-26 04:00-05:00,SUCCESS
coding_plan,chatcompletion-v2(Text API),MiniMax-M2,0.0000,0.0000,779245,5962,785207,2026-02-26 03:00-04:00,SUCCESS
coding_plan,cache-read(Text API),MiniMax-M2.5-highspeed,0.0000,0.0000,277775,0,277775,2026-02-26 02:00-03:00,SUCCESS
coding_plan,cache-read(Text API),MiniMax-M2.1,0.0000,0.0000,960,0,960,2026-02-26 02:00-03:00,SUCCESS
coding_plan,chatcompletion-v2(Text API),MiniMax-M2.5-highspeed,0.0000,0.0000,119516,2343,121859,2026-02-26 02:00-03:00,SUCCESS
coding_plan,chatcompletion-v2(Text API),MiniMax-M2,0.0000,0.0000,3132203,3514,3135717,2026-02-26 02:00-03:00,SUCCESS
coding_plan,chatcompletion-v2(Text API),MiniMax-M2.1,0.0000,0.0000,11105,129,11234,2026-02-26 02:00-03:00,SUCCESS
coding_plan,chatcompletion-v2(Text API),MiniMax-M2,0.0000,0.0000,1886934,1813,1888747,2026-02-26 01:00-02:00,SUCCESS
coding_plan,chatcompletion-v2(Text API),MiniMax-M2,0.0000,0.0000,3198360,4481,3202841,2026-02-26 00:00-01:00,SUCCESS
coding_plan,cache-read(Text API),MiniMax-M2.5-highspeed,0.0000,0.0000,7320137,0,7320137,2026-02-25 23:00-24:00,SUCCESS
coding_plan,chatcompletion-v2(Text API),MiniMax-M2.5-highspeed,0.0000,0.0000,231645,21853,253498,2026-02-25 23:00-24:00,SUCCESS
coding_plan,chatcompletion-v2(Text API),MiniMax-M2,0.0000,0.0000,1363235,3235,1366470,2026-02-25 23:00-24:00,SUCCESS
coding_plan,cache-read(Text API),MiniMax-M2.5-highspeed,0.0000,0.0000,3404917,0,3404917,2026-02-25 22:00-23:00,SUCCESS
coding_plan,chatcompletion-v2(Text API),MiniMax-M2.5-highspeed,0.0000,0.0000,119159,19344,138503,2026-02-25 22:00-23:00,SUCCESS
coding_plan,chatcompletion-v2(Text API),MiniMax-M2,0.0000,0.0000,463046,2392,465438,2026-02-25 22:00-23:00,SUCCESS
coding_plan,cache-read(Text API),MiniMax-M2.5-highspeed,0.0000,0.0000,6246205,0,6246205,2026-02-25 21:00-22:00,SUCCESS
coding_plan,chatcompletion-v2(Text API),MiniMax-M2.5-highspeed,0.0000,0.0000,3287320,7395,3294715,2026-02-25 21:00-22:00,SUCCESS
coding_plan,chatcompletion-v2(Text API),MiniMax-M2,0.0000,0.0000,2227778,2236,2230014,2026-02-25 21:00-22:00,SUCCESS
coding_plan,chatcompletion-v2(Text API),MiniMax-M2,0.0000,0.0000,3055786,1010,3056796,2026-02-25 20:00-21:00,SUCCESS
coding_plan,chatcompletion-v2(Text API),MiniMax-M2,0.0000,0.0000,2663604,922,2664526,2026-02-25 19:00-20:00,SUCCESS
coding_plan,cache-read(Text API),MiniMax-M2.5-highspeed,0.0000,0.0000,1993615,0,1993615,2026-02-25 18:00-19:00,SUCCESS
coding_plan,chatcompletion-v2(Text API),MiniMax-M2.5-highspeed,0.0000,0.0000,167272,1445,168717,2026-02-25 18:00-19:00,SUCCESS
coding_plan,chatcompletion-v2(Text API),MiniMax-M2,0.0000,0.0000,2646844,979,2647823,2026-02-25 18:00-19:00,SUCCESS
coding_plan,cache-read(Text API),MiniMax-M2.5-highspeed,0.0000,0.0000,4388689,0,4388689,2026-02-25 17:00-18:00,SUCCESS
coding_plan,chatcompletion-v2(Text API),MiniMax-M2.5-highspeed,0.0000,0.0000,1505403,6991,1512394,2026-02-25 17:00-18:00,SUCCESS
coding_plan,chatcompletion-v2(Text API),MiniMax-M2,0.0000,0.0000,5348639,2162,5350801,2026-02-25 17:00-18:00,SUCCESS
coding_plan,chatcompletion-v2(Text API),MiniMax-M2,0.0000,0.0000,2424145,1069,2425214,2026-02-25 16:00-17:00,SUCCESS
coding_plan,chatcompletion-v2(Text API),MiniMax-M2,0.0000,0.0000,2608057,1040,2609097,2026-02-25 15:00-16:00,SUCCESS
coding_plan,cache-read(Text API),MiniMax-M2.5-highspeed,0.0000,0.0000,8464827,0,8464827,2026-02-25 14:00-15:00,SUCCESS
coding_plan,chatcompletion-v2(Text API),MiniMax-M2.5-highspeed,0.0000,0.0000,2965983,12913,2978896,2026-02-25 14:00-15:00,SUCCESS
coding_plan,chatcompletion-v2(Text API),MiniMax-M2,0.0000,0.0000,3791372,1952,3793324,2026-02-25 14:00-15:00,SUCCESS
coding_plan,cache-read(Text API),MiniMax-M2.5-highspeed,0.0000,0.0000,5286424,0,5286424,2026-02-25 13:00-14:00,SUCCESS
coding_plan,chatcompletion-v2(Text API),MiniMax-M2.5-highspeed,0.0000,0.0000,2770810,10083,2780893,2026-02-25 13:00-14:00,SUCCESS
coding_plan,chatcompletion-v2(Text API),MiniMax-M2,0.0000,0.0000,2609690,1572,2611262,2026-02-25 13:00-14:00,SUCCESS
coding_plan,cache-read(Text API),MiniMax-M2.5-highspeed,0.0000,0.0000,12532153,0,12532153,2026-02-25 12:00-13:00,SUCCESS
coding_plan,cache-read(Text API),MiniMax-M2.1,0.0000,0.0000,13267,0,13267,2026-02-25 12:00-13:00,SUCCESS
coding_plan,chatcompletion-v2(Text API),MiniMax-M2.5-highspeed,0.0000,0.0000,1461420,15956,1477376,2026-02-25 12:00-13:00,SUCCESS
coding_plan,chatcompletion-v2(Text API),MiniMax-M2,0.0000,0.0000,3467874,2442,3470316,2026-02-25 12:00-13:00,SUCCESS
coding_plan,chatcompletion-v2(Text API),MiniMax-M2.1,0.0000,0.0000,22096,1505,23601,2026-02-25 12:00-13:00,SUCCESS
coding_plan,cache-read(Text API),MiniMax-M2.5-highspeed,0.0000,0.0000,16975363,0,16975363,2026-02-25 11:00-12:00,SUCCESS
coding_plan,cache-read(Text API),MiniMax-M2.1,0.0000,0.0000,960,0,960,2026-02-25 11:00-12:00,SUCCESS
coding_plan,chatcompletion-v2(Text API),MiniMax-M2.5-highspeed,0.0000,0.0000,2900047,25650,2925697,2026-02-25 11:00-12:00,SUCCESS
coding_plan,chatcompletion-v2(Text API),MiniMax-M2,0.0000,0.0000,1875696,1752,1877448,2026-02-25 11:00-12:00,SUCCESS
coding_plan,chatcompletion-v2(Text API),MiniMax-M2.1,0.0000,0.0000,12952,416,13368,2026-02-25 11:00-12:00,SUCCESS
coding_plan,cache-read(Text API),MiniMax-M2.5-highspeed,0.0000,0.0000,100659,0,100659,2026-02-25 10:00-11:00,SUCCESS
coding_plan,cache-read(Text API),MiniMax-M2.1,0.0000,0.0000,960,0,960,2026-02-25 10:00-11:00,SUCCESS
coding_plan,chatcompletion-v2(Text API),MiniMax-M2.5-highspeed,0.0000,0.0000,98854,164,99018,2026-02-25 10:00-11:00,SUCCESS
coding_plan,chatcompletion-v2(Text API),MiniMax-M2,0.0000,0.0000,547293,1270,548563,2026-02-25 10:00-11:00,SUCCESS
coding_plan,chatcompletion-v2(Text API),MiniMax-M2.1,0.0000,0.0000,11351,245,11596,2026-02-25 10:00-11:00,SUCCESS
coding_plan,cache-read(Text API),MiniMax-M2.5-highspeed,0.0000,0.0000,3302734,0,3302734,2026-02-25 09:00-10:00,SUCCESS
coding_plan,cache-read(Text API),MiniMax-M2.1,0.0000,0.0000,960,0,960,2026-02-25 09:00-10:00,SUCCESS
coding_plan,chatcompletion-v2(Text API),MiniMax-M2.5-highspeed,0.0000,0.0000,290649,3752,294401,2026-02-25 09:00-10:00,SUCCESS
coding_plan,chatcompletion-v2(Text API),MiniMax-M2,0.0000,0.0000,866215,1319,867534,2026-02-25 09:00-10:00,SUCCESS
coding_plan,chatcompletion-v2(Text API),MiniMax-M2.1,0.0000,0.0000,11351,137,11488,2026-02-25 09:00-10:00,SUCCESS
coding_plan,cache-read(Text API),MiniMax-M2.5-highspeed,0.0000,0.0000,373929,0,373929,2026-02-25 08:00-09:00,SUCCESS
coding_plan,cache-read(Text API),MiniMax-M2.1,0.0000,0.0000,15019,0,15019,2026-02-25 08:00-09:00,SUCCESS
coding_plan,chatcompletion-v2(Text API),MiniMax-M2.5-highspeed,0.0000,0.0000,279723,1205,280928,2026-02-25 08:00-09:00,SUCCESS
coding_plan,chatcompletion-v2(Text API),MiniMax-M2,0.0000,0.0000,307225,822,308047,2026-02-25 08:00-09:00,SUCCESS
coding_plan,chatcompletion-v2(Text API),MiniMax-M2.1,0.0000,0.0000,36379,848,37227,2026-02-25 08:00-09:00,SUCCESS
coding_plan,cache-read(Text API),MiniMax-M2.5-highspeed,0.0000,0.0000,5806619,0,5806619,2026-02-25 07:00-08:00,SUCCESS
coding_plan,cache-read(Text API),MiniMax-M2.1,0.0000,0.0000,29712,0,29712,2026-02-25 07:00-08:00,SUCCESS
coding_plan,chatcompletion-v2(Text API),MiniMax-M2.5-highspeed,0.0000,0.0000,305364,26265,331629,2026-02-25 07:00-08:00,SUCCESS
coding_plan,chatcompletion-v2(Text API),MiniMax-M2,0.0000,0.0000,187192,594,187786,2026-02-25 07:00-08:00,SUCCESS
coding_plan,chatcompletion-v2(Text API),MiniMax-M2.1,0.0000,0.0000,39135,1389,40524,2026-02-25 07:00-08:00,SUCCESS
coding_plan,chatcompletion-v2(Text API),MiniMax-M2,0.0000,0.0000,52051,653,52704,2026-02-25 06:00-07:00,SUCCESS
coding_plan,chatcompletion-v2(Text API),MiniMax-M2,0.0000,0.0000,34615,522,35137,2026-02-25 05:00-06:00,SUCCESS
coding_plan,chatcompletion-v2(Text API),MiniMax-M2,0.0000,0.0000,148135,1856,149991,2026-02-25 04:00-05:00,SUCCESS
coding_plan,chatcompletion-v2(Text API),MiniMax-M2,0.0000,0.0000,45403,987,46390,2026-02-25 03:00-04:00,SUCCESS
coding_plan,cache-read(Text API),MiniMax-M2.5-highspeed,0.0000,0.0000,482873,0,482873,2026-02-25 02:00-03:00,SUCCESS
coding_plan,cache-read(Text API),MiniMax-M2.1,0.0000,0.0000,791,0,791,2026-02-25 02:00-03:00,SUCCESS
coding_plan,chatcompletion-v2(Text API),MiniMax-M2.5-highspeed,0.0000,0.0000,279258,779,280037,2026-02-25 02:00-03:00,SUCCESS
coding_plan,chatcompletion-v2(Text API),MiniMax-M2,0.0000,0.0000,1446906,784,1447690,2026-02-25 02:00-03:00,SUCCESS
coding_plan,chatcompletion-v2(Text API),MiniMax-M2.1,0.0000,0.0000,7056,244,7300,2026-02-25 02:00-03:00,SUCCESS
coding_plan,chatcompletion-v2(Text API),MiniMax-M2,0.0000,0.0000,1651483,898,1652381,2026-02-25 01:00-02:00,SUCCESS
coding_plan,cache-read(Text API),MiniMax-M2.5-highspeed,0.0000,0.0000,906732,0,906732,2026-02-25 00:00-01:00,SUCCESS
coding_plan,chatcompletion-v2(Text API),MiniMax-M2.5-highspeed,0.0000,0.0000,367584,1108,368692,2026-02-25 00:00-01:00,SUCCESS
coding_plan,chatcompletion-v2(Text API),MiniMax-M2,0.0000,0.0000,1239048,763,1239811,2026-02-25 00:00-01:00,SUCCESS
coding_plan,cache-read(Text API),MiniMax-M2.5-highspeed,0.0000,0.0000,9905444,0,9905444,2026-02-24 23:00-24:00,SUCCESS
coding_plan,chatcompletion-v2(Text API),MiniMax-M2.5-highspeed,0.0000,0.0000,2885645,10608,2896253,2026-02-24 23:00-24:00,SUCCESS
coding_plan,chatcompletion-v2(Text API),MiniMax-M2,0.0000,0.0000,1840368,1047,1841415,2026-02-24 23:00-24:00,SUCCESS
coding_plan,cache-read(Text API),MiniMax-M2.5-highspeed,0.0000,0.0000,16203266,0,16203266,2026-02-24 22:00-23:00,SUCCESS
coding_plan,chatcompletion-v2(Text API),MiniMax-M2.5-highspeed,0.0000,0.0000,10693291,20528,10713819,2026-02-24 22:00-23:00,SUCCESS
coding_plan,chatcompletion-v2(Text API),MiniMax-M2,0.0000,0.0000,6611344,4585,6615929,2026-02-24 22:00-23:00,SUCCESS
coding_plan,cache-read(Text API),MiniMax-M2.5-highspeed,0.0000,0.0000,2423597,0,2423597,2026-02-24 21:00-22:00,SUCCESS
coding_plan,chatcompletion-v2(Text API),MiniMax-M2.5-highspeed,0.0000,0.0000,2314659,9065,2323724,2026-02-24 21:00-22:00,SUCCESS
coding_plan,chatcompletion-v2(Text API),MiniMax-M2,0.0000,0.0000,1030977,667,1031644,2026-02-24 21:00-22:00,SUCCESS
coding_plan,cache-read(Text API),MiniMax-M2.5-highspeed,0.0000,0.0000,12532229,0,12532229,2026-02-24 20:00-21:00,SUCCESS
coding_plan,chatcompletion-v2(Text API),MiniMax-M2.5-highspeed,0.0000,0.0000,4075684,26494,4102178,2026-02-24 20:00-21:00,SUCCESS
coding_plan,chatcompletion-v2(Text API),MiniMax-M2,0.0000,0.0000,1803409,1160,1804569,2026-02-24 20:00-21:00,SUCCESS
coding_plan,chatcompletion-v2(Text API),MiniMax-M2.1,0.0000,0.0000,352,40,392,2026-02-24 20:00-21:00,SUCCESS
coding_plan,cache-read(Text API),MiniMax-M2.5-highspeed,0.0000,0.0000,4974501,0,4974501,2026-02-24 19:00-20:00,SUCCESS
coding_plan,chatcompletion-v2(Text API),MiniMax-M2.5-highspeed,0.0000,0.0000,1777647,6517,1784164,2026-02-24 19:00-20:00,SUCCESS
coding_plan,chatcompletion-v2(Text API),MiniMax-M2,0.0000,0.0000,4589563,3462,4593025,2026-02-24 19:00-20:00,SUCCESS
coding_plan,cache-read(Text API),MiniMax-M2.5-highspeed,0.0000,0.0000,11931035,0,11931035,2026-02-24 18:00-19:00,SUCCESS
coding_plan,chatcompletion-v2(Text API),MiniMax-M2.5-highspeed,0.0000,0.0000,1129668,12450,1142118,2026-02-24 18:00-19:00,SUCCESS
coding_plan,chatcompletion-v2(Text API),MiniMax-M2,0.0000,0.0000,14322802,12642,14335444,2026-02-24 18:00-19:00,SUCCESS
coding_plan,chatcompletion-v2(Text API),MiniMax-M2,0.0000,0.0000,582363,763,583126,2026-02-24 17:00-18:00,SUCCESS
coding_plan,chatcompletion-v2(Text API),MiniMax-M2,0.0000,0.0000,465379,547,465926,2026-02-24 16:00-17:00,SUCCESS
coding_plan,cache-read(Text API),MiniMax-M2.5-highspeed,0.0000,0.0000,1944485,0,1944485,2026-02-24 15:00-16:00,SUCCESS
coding_plan,chatcompletion-v2(Text API),MiniMax-M2.5-highspeed,0.0000,0.0000,339670,3583,343253,2026-02-24 15:00-16:00,SUCCESS
coding_plan,chatcompletion-v2(Text API),MiniMax-M2,0.0000,0.0000,724059,979,725038,2026-02-24 15:00-16:00,SUCCESS
coding_plan,chatcompletion-v2(Text API),MiniMax-M2,0.0000,0.0000,482797,650,483447,2026-02-24 14:00-15:00,SUCCESS
coding_plan,chatcompletion-v2(Text API),MiniMax-M2,0.0000,0.0000,714551,685,715236,2026-02-24 13:00-14:00,SUCCESS
coding_plan,cache-read(Text API),MiniMax-M2.5-highspeed,0.0000,0.0000,4808229,0,4808229,2026-02-24 12:00-13:00,SUCCESS
coding_plan,chatcompletion-v2(Text API),MiniMax-M2.5-highspeed,0.0000,0.0000,574842,9301,584143,2026-02-24 12:00-13:00,SUCCESS
coding_plan,chatcompletion-v2(Text API),MiniMax-M2,0.0000,0.0000,446882,1093,447975,2026-02-24 12:00-13:00,SUCCESS
coding_plan,cache-read(Text API),MiniMax-M2.5-highspeed,0.0000,0.0000,314441,0,314441,2026-02-24 11:00-12:00,SUCCESS
coding_plan,cache-read(Text API),MiniMax-M2.1,0.0000,0.0000,791,0,791,2026-02-24 11:00-12:00,SUCCESS
coding_plan,chatcompletion-v2(Text API),MiniMax-M2.5-highspeed,0.0000,0.0000,186725,1720,188445,2026-02-24 11:00-12:00,SUCCESS
coding_plan,chatcompletion-v2(Text API),MiniMax-M2,0.0000,0.0000,618129,1386,619515,2026-02-24 11:00-12:00,SUCCESS
coding_plan,chatcompletion-v2(Text API),MiniMax-M2.1,0.0000,0.0000,7108,91,7199,2026-02-24 11:00-12:00,SUCCESS
coding_plan,cache-read(Text API),MiniMax-M2.5-highspeed,0.0000,0.0000,2662674,0,2662674,2026-02-24 10:00-11:00,SUCCESS
coding_plan,cache-read(Text API),MiniMax-M2.1,0.0000,0.0000,9341,0,9341,2026-02-24 10:00-11:00,SUCCESS
coding_plan,chatcompletion-v2(Text API),MiniMax-M2.5-highspeed,0.0000,0.0000,150576,7157,157733,2026-02-24 10:00-11:00,SUCCESS
coding_plan,chatcompletion-v2(Text API),MiniMax-M2,0.0000,0.0000,127083,535,127618,2026-02-24 10:00-11:00,SUCCESS
coding_plan,chatcompletion-v2(Text API),MiniMax-M2.1,0.0000,0.0000,16314,678,16992,2026-02-24 10:00-11:00,SUCCESS
coding_plan,cache-read(Text API),MiniMax-M2.5-highspeed,0.0000,0.0000,487166,0,487166,2026-02-24 09:00-10:00,SUCCESS
coding_plan,cache-read(Text API),MiniMax-M2.1,0.0000,0.0000,823,0,823,2026-02-24 09:00-10:00,SUCCESS
coding_plan,chatcompletion-v2(Text API),MiniMax-M2.5-highspeed,0.0000,0.0000,170319,2125,172444,2026-02-24 09:00-10:00,SUCCESS
coding_plan,chatcompletion-v2(Text API),MiniMax-M2,0.0000,0.0000,642821,4614,647435,2026-02-24 09:00-10:00,SUCCESS
coding_plan,chatcompletion-v2(Text API),MiniMax-M2.1,0.0000,0.0000,7087,126,7213,2026-02-24 09:00-10:00,SUCCESS
coding_plan,cache-read(Text API),MiniMax-M2.5-highspeed,0.0000,0.0000,939520,0,939520,2026-02-24 08:00-09:00,SUCCESS
coding_plan,cache-read(Text API),MiniMax-M2.1,0.0000,0.0000,791,0,791,2026-02-24 08:00-09:00,SUCCESS
coding_plan,chatcompletion-v2(Text API),MiniMax-M2.5-highspeed,0.0000,0.0000,129388,6292,135680,2026-02-24 08:00-09:00,SUCCESS
coding_plan,chatcompletion-v2(Text API),MiniMax-M2.1,0.0000,0.0000,7119,103,7222,2026-02-24 08:00-09:00,SUCCESS
coding_plan,cache-read(Text API),MiniMax-M2.5-highspeed,0.0000,0.0000,64093,0,64093,2026-02-24 07:00-08:00,SUCCESS
coding_plan,cache-read(Text API),MiniMax-M2.1,0.0000,0.0000,791,0,791,2026-02-24 07:00-08:00,SUCCESS
coding_plan,chatcompletion-v2(Text API),MiniMax-M2.5-highspeed,0.0000,0.0000,8285,1001,9286,2026-02-24 07:00-08:00,SUCCESS
coding_plan,chatcompletion-v2(Text API),MiniMax-M2.1,0.0000,0.0000,7119,93,7212,2026-02-24 07:00-08:00,SUCCESS
coding_plan,cache-read(Text API),MiniMax-M2.1,0.0000,0.0000,823,0,823,2026-02-24 06:00-07:00,SUCCESS
coding_plan,chatcompletion-v2(Text API),MiniMax-M2.1,0.0000,0.0000,7087,155,7242,2026-02-24 06:00-07:00,SUCCESS
coding_plan,cache-read(Text API),MiniMax-M2.5-highspeed,0.0000,0.0000,16682,0,16682,2026-02-24 05:00-06:00,SUCCESS
coding_plan,cache-read(Text API),MiniMax-M2.1,0.0000,0.0000,8550,0,8550,2026-02-24 05:00-06:00,SUCCESS
coding_plan,chatcompletion-v2(Text API),MiniMax-M2.5-highspeed,0.0000,0.0000,7308,294,7602,2026-02-24 05:00-06:00,SUCCESS
coding_plan,chatcompletion-v2(Text API),MiniMax-M2.1,0.0000,0.0000,7259,216,7475,2026-02-24 05:00-06:00,SUCCESS
coding_plan,cache-read(Text API),MiniMax-M2.1,0.0000,0.0000,824,0,824,2026-02-24 04:00-05:00,SUCCESS
coding_plan,chatcompletion-v2(Text API),MiniMax-M2.1,0.0000,0.0000,7086,93,7179,2026-02-24 04:00-05:00,SUCCESS
coding_plan,cache-read(Text API),MiniMax-M2.5-highspeed,0.0000,0.0000,40380,0,40380,2026-02-24 03:00-04:00,SUCCESS
coding_plan,cache-read(Text API),MiniMax-M2.1,0.0000,0.0000,791,0,791,2026-02-24 03:00-04:00,SUCCESS
coding_plan,chatcompletion-v2(Text API),MiniMax-M2.5-highspeed,0.0000,0.0000,7787,587,8374,2026-02-24 03:00-04:00,SUCCESS
coding_plan,chatcompletion-v2(Text API),MiniMax-M2.1,0.0000,0.0000,7119,114,7233,2026-02-24 03:00-04:00,SUCCESS
coding_plan,cache-read(Text API),MiniMax-M2.5-highspeed,0.0000,0.0000,494655,0,494655,2026-02-24 02:00-03:00,SUCCESS
coding_plan,cache-read(Text API),MiniMax-M2.1,0.0000,0.0000,9309,0,9309,2026-02-24 02:00-03:00,SUCCESS
coding_plan,chatcompletion-v2(Text API),MiniMax-M2.5-highspeed,0.0000,0.0000,33027,3893,36920,2026-02-24 02:00-03:00,SUCCESS
coding_plan,chatcompletion-v2(Text API),MiniMax-M2.1,0.0000,0.0000,14307,319,14626,2026-02-24 02:00-03:00,SUCCESS
coding_plan,cache-read(Text API),MiniMax-M2.5-highspeed,0.0000,0.0000,16672,0,16672,2026-02-24 01:00-02:00,SUCCESS
coding_plan,cache-read(Text API),MiniMax-M2.1,0.0000,0.0000,8550,0,8550,2026-02-24 01:00-02:00,SUCCESS
coding_plan,chatcompletion-v2(Text API),MiniMax-M2.5-highspeed,0.0000,0.0000,7298,327,7625,2026-02-24 01:00-02:00,SUCCESS
coding_plan,chatcompletion-v2(Text API),MiniMax-M2.1,0.0000,0.0000,7297,381,7678,2026-02-24 01:00-02:00,SUCCESS
coding_plan,cache-read(Text API),MiniMax-M2.5-highspeed,0.0000,0.0000,10671711,0,10671711,2026-02-24 00:00-01:00,SUCCESS
coding_plan,cache-read(Text API),MiniMax-M2.1,0.0000,0.0000,824,0,824,2026-02-24 00:00-01:00,SUCCESS
coding_plan,chatcompletion-v2(Text API),MiniMax-M2.5-highspeed,0.0000,0.0000,1555158,8320,1563478,2026-02-24 00:00-01:00,SUCCESS
coding_plan,chatcompletion-v2(Text API),MiniMax-M2,0.0000,0.0000,2412993,1060,2414053,2026-02-24 00:00-01:00,SUCCESS
coding_plan,chatcompletion-v2(Text API),MiniMax-M2.1,0.0000,0.0000,7086,99,7185,2026-02-24 00:00-01:00,SUCCESS
coding_plan,cache-read(Text API),MiniMax-M2.5-highspeed,0.0000,0.0000,7783817,0,7783817,2026-02-23 23:00-24:00,SUCCESS
coding_plan,cache-read(Text API),MiniMax-M2.1,0.0000,0.0000,16394,0,16394,2026-02-23 23:00-24:00,SUCCESS
coding_plan,chatcompletion-v2(Text API),MiniMax-M2.5-highspeed,0.0000,0.0000,1046086,9268,1055354,2026-02-23 23:00-24:00,SUCCESS
coding_plan,chatcompletion-v2(Text API),MiniMax-M2.1,0.0000,0.0000,7276,448,7724,2026-02-23 23:00-24:00,SUCCESS
coding_plan,cache-read(Text API),MiniMax-M2.5-highspeed,0.0000,0.0000,13933684,0,13933684,2026-02-23 22:00-23:00,SUCCESS
coding_plan,cache-read(Text API),MiniMax-M2.1,0.0000,0.0000,791,0,791,2026-02-23 22:00-23:00,SUCCESS
coding_plan,chatcompletion-v2(Text API),MiniMax-M2.5-highspeed,0.0000,0.0000,1278423,26030,1304453,2026-02-23 22:00-23:00,SUCCESS
coding_plan,chatcompletion-v2(Text API),MiniMax-M2,0.0000,0.0000,2579024,1328,2580352,2026-02-23 22:00-23:00,SUCCESS
coding_plan,chatcompletion-v2(Text API),MiniMax-M2.1,0.0000,0.0000,7119,149,7268,2026-02-23 22:00-23:00,SUCCESS
coding_plan,cache-read(Text API),MiniMax-M2.5-highspeed,0.0000,0.0000,11612679,0,11612679,2026-02-23 21:00-22:00,SUCCESS
coding_plan,chatcompletion-v2(Text API),MiniMax-M2.5-highspeed,0.0000,0.0000,3003631,21333,3024964,2026-02-23 21:00-22:00,SUCCESS
coding_plan,chatcompletion-v2(Text API),MiniMax-M2,0.0000,0.0000,3780845,2258,3783103,2026-02-23 21:00-22:00,SUCCESS
coding_plan,cache-read(Text API),MiniMax-M2.5-highspeed,0.0000,0.0000,9916403,0,9916403,2026-02-23 20:00-21:00,SUCCESS
coding_plan,chatcompletion-v2(Text API),MiniMax-M2.5-highspeed,0.0000,0.0000,1333112,11527,1344639,2026-02-23 20:00-21:00,SUCCESS
coding_plan,chatcompletion-v2(Text API),MiniMax-M2,0.0000,0.0000,2293254,3378,2296632,2026-02-23 20:00-21:00,SUCCESS
coding_plan,cache-read(Text API),MiniMax-M2.5-highspeed,0.0000,0.0000,21849,0,21849,2026-02-23 19:00-20:00,SUCCESS
coding_plan,chatcompletion-v2(Text API),MiniMax-M2.5-highspeed,0.0000,0.0000,9842,268,10110,2026-02-23 19:00-20:00,SUCCESS
coding_plan,chatcompletion-v2(Text API),MiniMax-M2,0.0000,0.0000,337555,322,337877,2026-02-23 19:00-20:00,SUCCESS
coding_plan,cache-read(Text API),MiniMax-M2.5-highspeed,0.0000,0.0000,13067820,0,13067820,2026-02-23 18:00-19:00,SUCCESS
coding_plan,chatcompletion-v2(Text API),MiniMax-M2.5-highspeed,0.0000,0.0000,1637713,26816,1664529,2026-02-23 18:00-19:00,SUCCESS
coding_plan,chatcompletion-v2(Text API),MiniMax-M2,0.0000,0.0000,3909204,3236,3912440,2026-02-23 18:00-19:00,SUCCESS
coding_plan,cache-read(Text API),MiniMax-M2.5-highspeed,0.0000,0.0000,3935242,0,3935242,2026-02-23 17:00-18:00,SUCCESS
coding_plan,chatcompletion-v2(Text API),MiniMax-M2.5-highspeed,0.0000,0.0000,350258,4538,354796,2026-02-23 17:00-18:00,SUCCESS
coding_plan,chatcompletion-v2(Text API),MiniMax-M2,0.0000,0.0000,115131,94,115225,2026-02-23 17:00-18:00,SUCCESS
coding_plan,chatcompletion-v2(Text API),MiniMax-M2,0.0000,0.0000,460508,378,460886,2026-02-23 16:00-17:00,SUCCESS
coding_plan,cache-read(Text API),MiniMax-M2.5-highspeed,0.0000,0.0000,10573623,0,10573623,2026-02-23 15:00-16:00,SUCCESS
coding_plan,cache-read(Text API),MiniMax-M2.1,0.0000,0.0000,791,0,791,2026-02-23 15:00-16:00,SUCCESS
coding_plan,chatcompletion-v2(Text API),MiniMax-M2.5-highspeed,0.0000,0.0000,230779,20412,251191,2026-02-23 15:00-16:00,SUCCESS
coding_plan,chatcompletion-v2(Text API),MiniMax-M2,0.0000,0.0000,727366,1911,729277,2026-02-23 15:00-16:00,SUCCESS
coding_plan,chatcompletion-v2(Text API),MiniMax-M2.1,0.0000,0.0000,7146,265,7411,2026-02-23 15:00-16:00,SUCCESS
coding_plan,chatcompletion-v2(Text API),MiniMax-M2,0.0000,0.0000,279350,1424,280774,2026-02-23 14:00-15:00,SUCCESS
coding_plan,cache-read(Text API),MiniMax-M2.5-highspeed,0.0000,0.0000,685982,0,685982,2026-02-23 13:00-14:00,SUCCESS
coding_plan,chatcompletion-v2(Text API),MiniMax-M2.5-highspeed,0.0000,0.0000,86520,4820,91340,2026-02-23 13:00-14:00,SUCCESS
coding_plan,chatcompletion-v2(Text API),MiniMax-M2,0.0000,0.0000,16157,32,16189,2026-02-23 13:00-14:00,SUCCESS
coding_plan,chatcompletion-v2(Text API),MiniMax-M2,0.0000,0.0000,49172,1160,50332,2026-02-23 12:00-13:00,SUCCESS
coding_plan,cache-read(Text API),MiniMax-M2.5-highspeed,0.0000,0.0000,18347,0,18347,2026-02-23 11:00-12:00,SUCCESS
coding_plan,chatcompletion-v2(Text API),MiniMax-M2.5-highspeed,0.0000,0.0000,15343,279,15622,2026-02-23 11:00-12:00,SUCCESS
coding_plan,chatcompletion-v2(Text API),MiniMax-M2,0.0000,0.0000,95911,1067,96978,2026-02-23 11:00-12:00,SUCCESS
coding_plan,cache-read(Text API),MiniMax-M2.1,0.0000,0.0000,791,0,791,2026-02-23 10:00-11:00,SUCCESS
coding_plan,chatcompletion-v2(Text API),MiniMax-M2,0.0000,0.0000,15555,180,15735,2026-02-23 10:00-11:00,SUCCESS
coding_plan,chatcompletion-v2(Text API),MiniMax-M2.1,0.0000,0.0000,7182,301,7483,2026-02-23 10:00-11:00,SUCCESS
coding_plan,cache-read(Text API),MiniMax-M2.5-highspeed,0.0000,0.0000,25957,0,25957,2026-02-23 09:00-10:00,SUCCESS
coding_plan,chatcompletion-v2(Text API),MiniMax-M2.5-highspeed,0.0000,0.0000,23798,287,24085,2026-02-23 09:00-10:00,SUCCESS
coding_plan,chatcompletion-v2(Text API),MiniMax-M2,0.0000,0.0000,109082,2811,111893,2026-02-23 09:00-10:00,SUCCESS
coding_plan,cache-read(Text API),MiniMax-M2.5-highspeed,0.0000,0.0000,8646,0,8646,2026-02-23 08:00-09:00,SUCCESS
coding_plan,chatcompletion-v2(Text API),MiniMax-M2.5-highspeed,0.0000,0.0000,7256,178,7434,2026-02-23 08:00-09:00,SUCCESS
coding_plan,chatcompletion-v2(Text API),MiniMax-M2,0.0000,0.0000,14927,85,15012,2026-02-23 08:00-09:00,SUCCESS
coding_plan,cache-read(Text API),MiniMax-M2.5-highspeed,0.0000,0.0000,24869,0,24869,2026-02-23 07:00-08:00,SUCCESS
coding_plan,chatcompletion-v2(Text API),MiniMax-M2.5-highspeed,0.0000,0.0000,8065,257,8322,2026-02-23 07:00-08:00,SUCCESS
coding_plan,chatcompletion-v2(Text API),MiniMax-M2,0.0000,0.0000,29311,379,29690,2026-02-23 07:00-08:00,SUCCESS
coding_plan,chatcompletion-v2(Text API),MiniMax-M2,0.0000,0.0000,29499,771,30270,2026-02-23 06:00-07:00,SUCCESS
coding_plan,cache-read(Text API),MiniMax-M2.5-highspeed,0.0000,0.0000,9060,0,9060,2026-02-23 05:00-06:00,SUCCESS
coding_plan,cache-read(Text API),MiniMax-M2.1,0.0000,0.0000,791,0,791,2026-02-23 05:00-06:00,SUCCESS
coding_plan,chatcompletion-v2(Text API),MiniMax-M2.5-highspeed,0.0000,0.0000,7495,111,7606,2026-02-23 05:00-06:00,SUCCESS
coding_plan,chatcompletion-v2(Text API),MiniMax-M2,0.0000,0.0000,74317,2035,76352,2026-02-23 05:00-06:00,SUCCESS
coding_plan,chatcompletion-v2(Text API),MiniMax-M2.1,0.0000,0.0000,7075,88,7163,2026-02-23 05:00-06:00,SUCCESS
coding_plan,cache-read(Text API),MiniMax-M2.1,0.0000,0.0000,791,0,791,2026-02-23 04:00-05:00,SUCCESS
coding_plan,chatcompletion-v2(Text API),MiniMax-M2,0.0000,0.0000,14562,322,14884,2026-02-23 04:00-05:00,SUCCESS
coding_plan,chatcompletion-v2(Text API),MiniMax-M2.1,0.0000,0.0000,7059,139,7198,2026-02-23 04:00-05:00,SUCCESS
coding_plan,cache-read(Text API),MiniMax-M2.5-highspeed,0.0000,0.0000,8644,0,8644,2026-02-23 03:00-04:00,SUCCESS
coding_plan,chatcompletion-v2(Text API),MiniMax-M2.5-highspeed,0.0000,0.0000,7300,184,7484,2026-02-23 03:00-04:00,SUCCESS
coding_plan,chatcompletion-v2(Text API),MiniMax-M2,0.0000,0.0000,14441,463,14904,2026-02-23 03:00-04:00,SUCCESS
coding_plan,cache-read(Text API),MiniMax-M2.5-highspeed,0.0000,0.0000,424675,0,424675,2026-02-23 02:00-03:00,SUCCESS
coding_plan,cache-read(Text API),MiniMax-M2.1,0.0000,0.0000,1582,0,1582,2026-02-23 02:00-03:00,SUCCESS
coding_plan,chatcompletion-v2(Text API),MiniMax-M2.5-highspeed,0.0000,0.0000,28282,5366,33648,2026-02-23 02:00-03:00,SUCCESS
coding_plan,chatcompletion-v2(Text API),MiniMax-M2,0.0000,0.0000,788965,1117,790082,2026-02-23 02:00-03:00,SUCCESS
coding_plan,chatcompletion-v2(Text API),MiniMax-M2.1,0.0000,0.0000,14124,199,14323,2026-02-23 02:00-03:00,SUCCESS
coding_plan,cache-read(Text API),MiniMax-M2.5-highspeed,0.0000,0.0000,11071,0,11071,2026-02-23 01:00-02:00,SUCCESS
coding_plan,cache-read(Text API),MiniMax-M2.1,0.0000,0.0000,823,0,823,2026-02-23 01:00-02:00,SUCCESS
coding_plan,chatcompletion-v2(Text API),MiniMax-M2.5-highspeed,0.0000,0.0000,9560,78,9638,2026-02-23 01:00-02:00,SUCCESS
coding_plan,chatcompletion-v2(Text API),MiniMax-M2,0.0000,0.0000,315911,348,316259,2026-02-23 01:00-02:00,SUCCESS
coding_plan,chatcompletion-v2(Text API),MiniMax-M2.1,0.0000,0.0000,7081,231,7312,2026-02-23 01:00-02:00,SUCCESS
coding_plan,cache-read(Text API),MiniMax-M2.1,0.0000,0.0000,823,0,823,2026-02-23 00:00-01:00,SUCCESS
coding_plan,chatcompletion-v2(Text API),MiniMax-M2.1,0.0000,0.0000,7026,163,7189,2026-02-23 00:00-01:00,SUCCESS
coding_plan,cache-read(Text API),MiniMax-M2.5-highspeed,0.0000,0.0000,10901,0,10901,2026-02-22 23:00-24:00,SUCCESS
coding_plan,cache-read(Text API),MiniMax-M2.1,0.0000,0.0000,8774,0,8774,2026-02-22 23:00-24:00,SUCCESS
coding_plan,chatcompletion-v2(Text API),MiniMax-M2.5-highspeed,0.0000,0.0000,9326,74,9400,2026-02-22 23:00-24:00,SUCCESS
coding_plan,chatcompletion-v2(Text API),MiniMax-M2,0.0000,0.0000,315898,285,316183,2026-02-22 23:00-24:00,SUCCESS
coding_plan,chatcompletion-v2(Text API),MiniMax-M2.1,0.0000,0.0000,7084,187,7271,2026-02-22 23:00-24:00,SUCCESS
coding_plan,chatcompletion-v2(Text API),MiniMax-M2,0.0000,0.0000,315204,451,315655,2026-02-22 22:00-23:00,SUCCESS
coding_plan,cache-read(Text API),MiniMax-M2.5-highspeed,0.0000,0.0000,10667,0,10667,2026-02-22 21:00-22:00,SUCCESS
coding_plan,chatcompletion-v2(Text API),MiniMax-M2.5-highspeed,0.0000,0.0000,9156,72,9228,2026-02-22 21:00-22:00,SUCCESS
coding_plan,chatcompletion-v2(Text API),MiniMax-M2,0.0000,0.0000,157353,70,157423,2026-02-22 21:00-22:00,SUCCESS
coding_plan,chatcompletion-v2(Text API),MiniMax-M2,0.0000,0.0000,314120,317,314437,2026-02-22 20:00-21:00,SUCCESS
coding_plan,cache-read(Text API),MiniMax-M2.5-highspeed,0.0000,0.0000,10497,0,10497,2026-02-22 19:00-20:00,SUCCESS
coding_plan,chatcompletion-v2(Text API),MiniMax-M2.5-highspeed,0.0000,0.0000,8922,75,8997,2026-02-22 19:00-20:00,SUCCESS
coding_plan,chatcompletion-v2(Text API),MiniMax-M2,0.0000,0.0000,313189,422,313611,2026-02-22 19:00-20:00,SUCCESS
coding_plan,chatcompletion-v2(Text API),MiniMax-M2,0.0000,0.0000,311970,557,312527,2026-02-22 18:00-19:00,SUCCESS
coding_plan,cache-read(Text API),MiniMax-M2.5-highspeed,0.0000,0.0000,156000,0,156000,2026-02-22 17:00-18:00,SUCCESS
coding_plan,chatcompletion-v2(Text API),MiniMax-M2.5-highspeed,0.0000,0.0000,152721,403,153124,2026-02-22 17:00-18:00,SUCCESS
coding_plan,chatcompletion-v2(Text API),MiniMax-M2,0.0000,0.0000,462309,1115,463424,2026-02-22 17:00-18:00,SUCCESS
coding_plan,cache-read(Text API),MiniMax-M2.5-highspeed,0.0000,0.0000,5408974,0,5408974,2026-02-22 16:00-17:00,SUCCESS
coding_plan,chatcompletion-v2(Text API),MiniMax-M2.5-highspeed,0.0000,0.0000,296166,10383,306549,2026-02-22 16:00-17:00,SUCCESS
coding_plan,cache-read(Text API),MiniMax-M2.5-highspeed,0.0000,0.0000,10061,0,10061,2026-02-22 15:00-16:00,SUCCESS
coding_plan,chatcompletion-v2(Text API),MiniMax-M2.5-highspeed,0.0000,0.0000,8550,68,8618,2026-02-22 15:00-16:00,SUCCESS
coding_plan,chatcompletion-v2(Text API),MiniMax-M2,0.0000,0.0000,136166,55,136221,2026-02-22 15:00-16:00,SUCCESS
coding_plan,cache-read(Text API),MiniMax-M2.5-highspeed,0.0000,0.0000,3005833,0,3005833,2026-02-22 14:00-15:00,SUCCESS
coding_plan,chatcompletion-v2(Text API),MiniMax-M2.5-highspeed,0.0000,0.0000,129386,4317,133703,2026-02-22 14:00-15:00,SUCCESS
coding_plan,chatcompletion-v2(Text API),MiniMax-M2,0.0000,0.0000,540779,1430,542209,2026-02-22 14:00-15:00,SUCCESS
coding_plan,cache-read(Text API),MiniMax-M2.5-highspeed,0.0000,0.0000,5147900,0,5147900,2026-02-22 13:00-14:00,SUCCESS
coding_plan,chatcompletion-v2(Text API),MiniMax-M2.5-highspeed,0.0000,0.0000,910790,16085,926875,2026-02-22 13:00-14:00,SUCCESS
coding_plan,chatcompletion-v2(Text API),MiniMax-M2,0.0000,0.0000,1128741,878,1129619,2026-02-22 13:00-14:00,SUCCESS
coding_plan,cache-read(Text API),MiniMax-M2.5-highspeed,0.0000,0.0000,6199411,0,6199411,2026-02-22 12:00-13:00,SUCCESS
coding_plan,chatcompletion-v2(Text API),MiniMax-M2.5-highspeed,0.0000,0.0000,234449,8887,243336,2026-02-22 12:00-13:00,SUCCESS
coding_plan,chatcompletion-v2(Text API),MiniMax-M2,0.0000,0.0000,863558,810,864368,2026-02-22 12:00-13:00,SUCCESS
coding_plan,cache-read(Text API),MiniMax-M2.5-highspeed,0.0000,0.0000,4026381,0,4026381,2026-02-22 11:00-12:00,SUCCESS
coding_plan,cache-read(Text API),MiniMax-M2.1,0.0000,0.0000,791,0,791,2026-02-22 11:00-12:00,SUCCESS
coding_plan,chatcompletion-v2(Text API),MiniMax-M2.5-highspeed,0.0000,0.0000,929529,11354,940883,2026-02-22 11:00-12:00,SUCCESS
coding_plan,chatcompletion-v2(Text API),MiniMax-M2,0.0000,0.0000,2403954,5007,2408961,2026-02-22 11:00-12:00,SUCCESS
coding_plan,chatcompletion-v2(Text API),MiniMax-M2.1,0.0000,0.0000,7095,78,7173,2026-02-22 11:00-12:00,SUCCESS
coding_plan,cache-read(Text API),MiniMax-M2.5-highspeed,0.0000,0.0000,2871953,0,2871953,2026-02-22 10:00-11:00,SUCCESS
coding_plan,cache-read(Text API),MiniMax-M2.1,0.0000,0.0000,16352,0,16352,2026-02-22 10:00-11:00,SUCCESS
coding_plan,chatcompletion-v2(Text API),MiniMax-M2.5-highspeed,0.0000,0.0000,767737,4742,772479,2026-02-22 10:00-11:00,SUCCESS
coding_plan,chatcompletion-v2(Text API),MiniMax-M2,0.0000,0.0000,208027,429,208456,2026-02-22 10:00-11:00,SUCCESS
coding_plan,chatcompletion-v2(Text API),MiniMax-M2.1,0.0000,0.0000,9152,620,9772,2026-02-22 10:00-11:00,SUCCESS
coding_plan,cache-read(Text API),MiniMax-M2.5-highspeed,0.0000,0.0000,9159,0,9159,2026-02-22 09:00-10:00,SUCCESS
coding_plan,chatcompletion-v2(Text API),MiniMax-M2.5-highspeed,0.0000,0.0000,7684,84,7768,2026-02-22 09:00-10:00,SUCCESS
coding_plan,chatcompletion-v2(Text API),MiniMax-M2,0.0000,0.0000,520076,995,521071,2026-02-22 09:00-10:00,SUCCESS
coding_plan,cache-read(Text API),MiniMax-M2.5-highspeed,0.0000,0.0000,194579,0,194579,2026-02-22 08:00-09:00,SUCCESS
coding_plan,chatcompletion-v2(Text API),MiniMax-M2.5-highspeed,0.0000,0.0000,272170,2846,275016,2026-02-22 08:00-09:00,SUCCESS
coding_plan,chatcompletion-v2(Text API),MiniMax-M2,0.0000,0.0000,17549,153,17702,2026-02-22 08:00-09:00,SUCCESS
coding_plan,cache-read(Text API),MiniMax-M2.5-highspeed,0.0000,0.0000,24386,0,24386,2026-02-22 07:00-08:00,SUCCESS
coding_plan,cache-read(Text API),MiniMax-M2.1,0.0000,0.0000,804,0,804,2026-02-22 07:00-08:00,SUCCESS
coding_plan,chatcompletion-v2(Text API),MiniMax-M2.5-highspeed,0.0000,0.0000,7828,213,8041,2026-02-22 07:00-08:00,SUCCESS
coding_plan,chatcompletion-v2(Text API),MiniMax-M2,0.0000,0.0000,189913,1655,191568,2026-02-22 07:00-08:00,SUCCESS
coding_plan,chatcompletion-v2(Text API),MiniMax-M2.1,0.0000,0.0000,7062,165,7227,2026-02-22 07:00-08:00,SUCCESS
coding_plan,chatcompletion-v2(Text API),MiniMax-M2,0.0000,0.0000,44896,1025,45921,2026-02-22 06:00-07:00,SUCCESS
coding_plan,cache-read(Text API),MiniMax-M2.5-highspeed,0.0000,0.0000,8755,0,8755,2026-02-22 05:00-06:00,SUCCESS
coding_plan,cache-read(Text API),MiniMax-M2.1,0.0000,0.0000,773,0,773,2026-02-22 05:00-06:00,SUCCESS
coding_plan,chatcompletion-v2(Text API),MiniMax-M2.5-highspeed,0.0000,0.0000,7280,79,7359,2026-02-22 05:00-06:00,SUCCESS
coding_plan,chatcompletion-v2(Text API),MiniMax-M2,0.0000,0.0000,58680,1604,60284,2026-02-22 05:00-06:00,SUCCESS
coding_plan,chatcompletion-v2(Text API),MiniMax-M2.1,0.0000,0.0000,7017,89,7106,2026-02-22 05:00-06:00,SUCCESS
coding_plan,cache-read(Text API),MiniMax-M2.1,0.0000,0.0000,773,0,773,2026-02-22 04:00-05:00,SUCCESS
coding_plan,chatcompletion-v2(Text API),MiniMax-M2,0.0000,0.0000,14333,508,14841,2026-02-22 04:00-05:00,SUCCESS
coding_plan,chatcompletion-v2(Text API),MiniMax-M2.1,0.0000,0.0000,7001,231,7232,2026-02-22 04:00-05:00,SUCCESS
coding_plan,cache-read(Text API),MiniMax-M2.5-highspeed,0.0000,0.0000,15431,0,15431,2026-02-22 03:00-04:00,SUCCESS
coding_plan,chatcompletion-v2(Text API),MiniMax-M2.5-highspeed,0.0000,0.0000,194,156,350,2026-02-22 03:00-04:00,SUCCESS
coding_plan,chatcompletion-v2(Text API),MiniMax-M2,0.0000,0.0000,14212,477,14689,2026-02-22 03:00-04:00,SUCCESS
coding_plan,cache-read(Text API),MiniMax-M2.5-highspeed,0.0000,0.0000,117629,0,117629,2026-02-22 02:00-03:00,SUCCESS
coding_plan,cache-read(Text API),MiniMax-M2.1,0.0000,0.0000,9325,0,9325,2026-02-22 02:00-03:00,SUCCESS
coding_plan,chatcompletion-v2(Text API),MiniMax-M2.5-highspeed,0.0000,0.0000,17124,1927,19051,2026-02-22 02:00-03:00,SUCCESS
coding_plan,chatcompletion-v2(Text API),MiniMax-M2,0.0000,0.0000,124969,1094,126063,2026-02-22 02:00-03:00,SUCCESS
coding_plan,chatcompletion-v2(Text API),MiniMax-M2.1,0.0000,0.0000,14127,306,14433,2026-02-22 02:00-03:00,SUCCESS
coding_plan,cache-read(Text API),MiniMax-M2.5-highspeed,0.0000,0.0000,11078,0,11078,2026-02-22 01:00-02:00,SUCCESS
coding_plan,cache-read(Text API),MiniMax-M2.1,0.0000,0.0000,773,0,773,2026-02-22 01:00-02:00,SUCCESS
coding_plan,chatcompletion-v2(Text API),MiniMax-M2.5-highspeed,0.0000,0.0000,9551,107,9658,2026-02-22 01:00-02:00,SUCCESS
coding_plan,chatcompletion-v2(Text API),MiniMax-M2,0.0000,0.0000,82960,307,83267,2026-02-22 01:00-02:00,SUCCESS
coding_plan,chatcompletion-v2(Text API),MiniMax-M2.1,0.0000,0.0000,7055,259,7314,2026-02-22 01:00-02:00,SUCCESS
coding_plan,cache-read(Text API),MiniMax-M2.5-highspeed,0.0000,0.0000,171969,0,171969,2026-02-22 00:00-01:00,SUCCESS
coding_plan,cache-read(Text API),MiniMax-M2.1,0.0000,0.0000,8574,0,8574,2026-02-22 00:00-01:00,SUCCESS
coding_plan,chatcompletion-v2(Text API),MiniMax-M2.5-highspeed,0.0000,0.0000,21438,5462,26900,2026-02-22 00:00-01:00,SUCCESS
coding_plan,chatcompletion-v2(Text API),MiniMax-M2,0.0000,0.0000,83034,306,83340,2026-02-22 00:00-01:00,SUCCESS
coding_plan,chatcompletion-v2(Text API),MiniMax-M2.1,0.0000,0.0000,8926,146,9072,2026-02-22 00:00-01:00,SUCCESS
coding_plan,cache-read(Text API),MiniMax-M2.5-highspeed,0.0000,0.0000,10853,0,10853,2026-02-21 23:00-24:00,SUCCESS
coding_plan,cache-read(Text API),MiniMax-M2.1,0.0000,0.0000,1546,0,1546,2026-02-21 23:00-24:00,SUCCESS
coding_plan,chatcompletion-v2(Text API),MiniMax-M2.5-highspeed,0.0000,0.0000,9322,108,9430,2026-02-21 23:00-24:00,SUCCESS
coding_plan,chatcompletion-v2(Text API),MiniMax-M2,0.0000,0.0000,255711,1090,256801,2026-02-21 23:00-24:00,SUCCESS
coding_plan,chatcompletion-v2(Text API),MiniMax-M2.1,0.0000,0.0000,37370,138,37508,2026-02-21 23:00-24:00,SUCCESS
coding_plan,chatcompletion-v2(Text API),MiniMax-M2,0.0000,0.0000,84983,292,85275,2026-02-21 22:00-23:00,SUCCESS
coding_plan,cache-read(Text API),MiniMax-M2.5-highspeed,0.0000,0.0000,10625,0,10625,2026-02-21 21:00-22:00,SUCCESS
coding_plan,chatcompletion-v2(Text API),MiniMax-M2.5-highspeed,0.0000,0.0000,9096,110,9206,2026-02-21 21:00-22:00,SUCCESS
coding_plan,chatcompletion-v2(Text API),MiniMax-M2,0.0000,0.0000,127671,505,128176,2026-02-21 21:00-22:00,SUCCESS
coding_plan,chatcompletion-v2(Text API),MiniMax-M2,0.0000,0.0000,170910,661,171571,2026-02-21 20:00-21:00,SUCCESS
coding_plan,cache-read(Text API),MiniMax-M2.5-highspeed,0.0000,0.0000,11171,0,11171,2026-02-21 19:00-20:00,SUCCESS
coding_plan,chatcompletion-v2(Text API),MiniMax-M2.5-highspeed,0.0000,0.0000,48282,134,48416,2026-02-21 19:00-20:00,SUCCESS
coding_plan,chatcompletion-v2(Text API),MiniMax-M2,0.0000,0.0000,42342,92,42434,2026-02-21 19:00-20:00,SUCCESS
coding_plan,chatcompletion-v2(Text API),MiniMax-M2,0.0000,0.0000,84965,375,85340,2026-02-21 18:00-19:00,SUCCESS
coding_plan,cache-read(Text API),MiniMax-M2.5-highspeed,0.0000,0.0000,11080,0,11080,2026-02-21 17:00-18:00,SUCCESS
coding_plan,cache-read(Text API),MiniMax-M2.1,0.0000,0.0000,22763,0,22763,2026-02-21 17:00-18:00,SUCCESS
coding_plan,chatcompletion-v2(Text API),MiniMax-M2.5-highspeed,0.0000,0.0000,47788,205,47993,2026-02-21 17:00-18:00,SUCCESS
coding_plan,chatcompletion-v2(Text API),MiniMax-M2,0.0000,0.0000,249396,1200,250596,2026-02-21 17:00-18:00,SUCCESS
coding_plan,chatcompletion-v2(Text API),MiniMax-M2.1,0.0000,0.0000,10885,342,11227,2026-02-21 17:00-18:00,SUCCESS
coding_plan,cache-read(Text API),MiniMax-M2.5-highspeed,0.0000,0.0000,36795,0,36795,2026-02-21 16:00-17:00,SUCCESS
coding_plan,chatcompletion-v2(Text API),MiniMax-M2.5-highspeed,0.0000,0.0000,37336,330,37666,2026-02-21 16:00-17:00,SUCCESS
coding_plan,chatcompletion-v2(Text API),MiniMax-M2,0.0000,0.0000,124552,495,125047,2026-02-21 16:00-17:00,SUCCESS
coding_plan,cache-read(Text API),MiniMax-M2.5-highspeed,0.0000,0.0000,11658,0,11658,2026-02-21 15:00-16:00,SUCCESS
coding_plan,cache-read(Text API),MiniMax-M2.5,0.0000,0.0000,942,0,942,2026-02-21 15:00-16:00,SUCCESS
coding_plan,chatcompletion-v2(Text API),MiniMax-M2.5-highspeed,0.0000,0.0000,77519,473,77992,2026-02-21 15:00-16:00,SUCCESS
coding_plan,chatcompletion-v2(Text API),MiniMax-M2,0.0000,0.0000,37638,84,37722,2026-02-21 15:00-16:00,SUCCESS
coding_plan,chatcompletion-v2(Text API),MiniMax-M2.5,0.0000,0.0000,37615,130,37745,2026-02-21 15:00-16:00,SUCCESS
coding_plan,cache-read(Text API),MiniMax-M2.5-highspeed,0.0000,0.0000,38698,0,38698,2026-02-21 14:00-15:00,SUCCESS
coding_plan,chatcompletion-v2(Text API),MiniMax-M2.5-highspeed,0.0000,0.0000,98840,612,99452,2026-02-21 14:00-15:00,SUCCESS
coding_plan,chatcompletion-v2(Text API),MiniMax-M2,0.0000,0.0000,36621,456,37077,2026-02-21 14:00-15:00,SUCCESS
coding_plan,cache-read(Text API),MiniMax-M2.5-highspeed,0.0000,0.0000,405397,0,405397,2026-02-21 13:00-14:00,SUCCESS
coding_plan,chatcompletion-v2(Text API),MiniMax-M2.5-highspeed,0.0000,0.0000,273477,3605,277082,2026-02-21 13:00-14:00,SUCCESS
coding_plan,chatcompletion-v2(Text API),MiniMax-M2,0.0000,0.0000,33848,220,34068,2026-02-21 13:00-14:00,SUCCESS
coding_plan,cache-read(Text API),MiniMax-M2.5-highspeed,0.0000,0.0000,2976040,0,2976040,2026-02-21 12:00-13:00,SUCCESS
coding_plan,chatcompletion-v2(Text API),MiniMax-M2.5-highspeed,0.0000,0.0000,2718895,10784,2729679,2026-02-21 12:00-13:00,SUCCESS
coding_plan,chatcompletion-v2(Text API),MiniMax-M2,0.0000,0.0000,1658478,1492,1659970,2026-02-21 12:00-13:00,SUCCESS
coding_plan,cache-read(Text API),MiniMax-M2.5-highspeed,0.0000,0.0000,1957696,0,1957696,2026-02-21 11:00-12:00,SUCCESS
coding_plan,cache-read(Text API),MiniMax-M2.1,0.0000,0.0000,410564,0,410564,2026-02-21 11:00-12:00,SUCCESS
coding_plan,chatcompletion-v2(Text API),MiniMax-M2.5-highspeed,0.0000,0.0000,363421,7009,370430,2026-02-21 11:00-12:00,SUCCESS
coding_plan,chatcompletion-v2(Text API),MiniMax-M2,0.0000,0.0000,2050114,5422,2055536,2026-02-21 11:00-12:00,SUCCESS
coding_plan,chatcompletion-v2(Text API),MiniMax-M2.1,0.0000,0.0000,83350,10801,94151,2026-02-21 11:00-12:00,SUCCESS
coding_plan,cache-read(Text API),MiniMax-M2.1,0.0000,0.0000,417236,0,417236,2026-02-21 10:00-11:00,SUCCESS
coding_plan,chatcompletion-v2(Text API),MiniMax-M2,0.0000,0.0000,597639,1860,599499,2026-02-21 10:00-11:00,SUCCESS
coding_plan,chatcompletion-v2(Text API),MiniMax-M2.1,0.0000,0.0000,40045,4712,44757,2026-02-21 10:00-11:00,SUCCESS
coding_plan,cache-read(Text API),MiniMax-M2.5-highspeed,0.0000,0.0000,304855,0,304855,2026-02-21 09:00-10:00,SUCCESS
coding_plan,cache-read(Text API),MiniMax-M2.1,0.0000,0.0000,101995,0,101995,2026-02-21 09:00-10:00,SUCCESS
coding_plan,chatcompletion-v2(Text API),MiniMax-M2.5-highspeed,0.0000,0.0000,129195,1175,130370,2026-02-21 09:00-10:00,SUCCESS
coding_plan,chatcompletion-v2(Text API),MiniMax-M2,0.0000,0.0000,88566,160,88726,2026-02-21 09:00-10:00,SUCCESS
coding_plan,chatcompletion-v2(Text API),MiniMax-M2.1,0.0000,0.0000,18736,1383,20119,2026-02-21 09:00-10:00,SUCCESS
coding_plan,cache-read(Text API),MiniMax-M2.5-highspeed,0.0000,0.0000,1673947,0,1673947,2026-02-21 08:00-09:00,SUCCESS
coding_plan,chatcompletion-v2(Text API),MiniMax-M2.5-highspeed,0.0000,0.0000,214512,9913,224425,2026-02-21 08:00-09:00,SUCCESS
coding_plan,chatcompletion-v2(Text API),MiniMax-M2,0.0000,0.0000,157230,1604,158834,2026-02-21 08:00-09:00,SUCCESS
coding_plan,cache-read(Text API),MiniMax-M2.5-highspeed,0.0000,0.0000,24433,0,24433,2026-02-21 07:00-08:00,SUCCESS
coding_plan,cache-read(Text API),MiniMax-M2.1,0.0000,0.0000,167011,0,167011,2026-02-21 07:00-08:00,SUCCESS
coding_plan,chatcompletion-v2(Text API),MiniMax-M2.5-highspeed,0.0000,0.0000,7883,229,8112,2026-02-21 07:00-08:00,SUCCESS
coding_plan,chatcompletion-v2(Text API),MiniMax-M2,0.0000,0.0000,46285,464,46749,2026-02-21 07:00-08:00,SUCCESS
coding_plan,chatcompletion-v2(Text API),MiniMax-M2.1,0.0000,0.0000,17053,2241,19294,2026-02-21 07:00-08:00,SUCCESS
coding_plan,chatcompletion-v2(Text API),MiniMax-M2,0.0000,0.0000,31047,1386,32433,2026-02-21 06:00-07:00,SUCCESS
coding_plan,cache-read(Text API),MiniMax-M2.5-highspeed,0.0000,0.0000,8777,0,8777,2026-02-21 05:00-06:00,SUCCESS
coding_plan,cache-read(Text API),MiniMax-M2.1,0.0000,0.0000,16345,0,16345,2026-02-21 05:00-06:00,SUCCESS
coding_plan,chatcompletion-v2(Text API),MiniMax-M2.5-highspeed,0.0000,0.0000,7312,112,7424,2026-02-21 05:00-06:00,SUCCESS
coding_plan,chatcompletion-v2(Text API),MiniMax-M2,0.0000,0.0000,108338,2187,110525,2026-02-21 05:00-06:00,SUCCESS
coding_plan,chatcompletion-v2(Text API),MiniMax-M2.1,0.0000,0.0000,8366,385,8751,2026-02-21 05:00-06:00,SUCCESS
coding_plan,cache-read(Text API),MiniMax-M2.1,0.0000,0.0000,68626,0,68626,2026-02-21 04:00-05:00,SUCCESS
coding_plan,chatcompletion-v2(Text API),MiniMax-M2,0.0000,0.0000,15582,462,16044,2026-02-21 04:00-05:00,SUCCESS
coding_plan,chatcompletion-v2(Text API),MiniMax-M2.1,0.0000,0.0000,10591,1526,12117,2026-02-21 04:00-05:00,SUCCESS
coding_plan,cache-read(Text API),MiniMax-M2.5-highspeed,0.0000,0.0000,8550,0,8550,2026-02-21 03:00-04:00,SUCCESS
coding_plan,chatcompletion-v2(Text API),MiniMax-M2.5-highspeed,0.0000,0.0000,7085,130,7215,2026-02-21 03:00-04:00,SUCCESS
coding_plan,chatcompletion-v2(Text API),MiniMax-M2,0.0000,0.0000,15205,291,15496,2026-02-21 03:00-04:00,SUCCESS
coding_plan,cache-read(Text API),MiniMax-M2.5-highspeed,0.0000,0.0000,165083,0,165083,2026-02-21 02:00-03:00,SUCCESS
coding_plan,cache-read(Text API),MiniMax-M2.1,0.0000,0.0000,270230,0,270230,2026-02-21 02:00-03:00,SUCCESS
coding_plan,chatcompletion-v2(Text API),MiniMax-M2.5-highspeed,0.0000,0.0000,29350,2492,31842,2026-02-21 02:00-03:00,SUCCESS
coding_plan,chatcompletion-v2(Text API),MiniMax-M2,0.0000,0.0000,1008252,634,1008886,2026-02-21 02:00-03:00,SUCCESS
coding_plan,chatcompletion-v2(Text API),MiniMax-M2.1,0.0000,0.0000,33056,3751,36807,2026-02-21 02:00-03:00,SUCCESS
coding_plan,cache-read(Text API),MiniMax-M2.5-highspeed,0.0000,0.0000,519513,0,519513,2026-02-21 01:00-02:00,SUCCESS
coding_plan,cache-read(Text API),MiniMax-M2.1,0.0000,0.0000,16756,0,16756,2026-02-21 01:00-02:00,SUCCESS
coding_plan,chatcompletion-v2(Text API),MiniMax-M2.5-highspeed,0.0000,0.0000,179666,997,180663,2026-02-21 01:00-02:00,SUCCESS
coding_plan,chatcompletion-v2(Text API),MiniMax-M2.1,0.0000,0.0000,7514,405,7919,2026-02-21 01:00-02:00,SUCCESS
coding_plan,cache-read(Text API),MiniMax-M2.5-highspeed,0.0000,0.0000,5946190,0,5946190,2026-02-21 00:00-01:00,SUCCESS
coding_plan,cache-read(Text API),MiniMax-M2.1,0.0000,0.0000,90932,0,90932,2026-02-21 00:00-01:00,SUCCESS
coding_plan,chatcompletion-v2(Text API),MiniMax-M2.5-highspeed,0.0000,0.0000,1393364,8168,1401532,2026-02-21 00:00-01:00,SUCCESS
coding_plan,chatcompletion-v2(Text API),MiniMax-M2,0.0000,0.0000,391193,179,391372,2026-02-21 00:00-01:00,SUCCESS
coding_plan,chatcompletion-v2(Text API),MiniMax-M2.1,0.0000,0.0000,32676,1753,34429,2026-02-21 00:00-01:00,SUCCESS
coding_plan,cache-read(Text API),MiniMax-M2.5-highspeed,0.0000,0.0000,528887,0,528887,2026-02-20 23:00-24:00,SUCCESS
coding_plan,cache-read(Text API),MiniMax-M2.1,0.0000,0.0000,119341,0,119341,2026-02-20 23:00-24:00,SUCCESS
coding_plan,chatcompletion-v2(Text API),MiniMax-M2.5-highspeed,0.0000,0.0000,860801,1642,862443,2026-02-20 23:00-24:00,SUCCESS
coding_plan,chatcompletion-v2(Text API),MiniMax-M2,0.0000,0.0000,1177432,701,1178133,2026-02-20 23:00-24:00,SUCCESS
coding_plan,chatcompletion-v2(Text API),MiniMax-M2.1,0.0000,0.0000,41010,3241,44251,2026-02-20 23:00-24:00,SUCCESS
coding_plan,cache-read(Text API),MiniMax-M2.5-highspeed,0.0000,0.0000,6616805,0,6616805,2026-02-20 22:00-23:00,SUCCESS
coding_plan,chatcompletion-v2(Text API),MiniMax-M2.5-highspeed,0.0000,0.0000,931482,10962,942444,2026-02-20 22:00-23:00,SUCCESS
coding_plan,chatcompletion-v2(Text API),MiniMax-M2,0.0000,0.0000,1093128,689,1093817,2026-02-20 22:00-23:00,SUCCESS
coding_plan,cache-read(Text API),MiniMax-M2.5-highspeed,0.0000,0.0000,1549220,0,1549220,2026-02-20 21:00-22:00,SUCCESS
coding_plan,chatcompletion-v2(Text API),MiniMax-M2.5-highspeed,0.0000,0.0000,704292,5811,710103,2026-02-20 21:00-22:00,SUCCESS
coding_plan,chatcompletion-v2(Text API),MiniMax-M2,0.0000,0.0000,321293,132,321425,2026-02-20 21:00-22:00,SUCCESS
coding_plan,cache-read(Text API),MiniMax-M2.5-highspeed,0.0000,0.0000,5055288,0,5055288,2026-02-20 20:00-21:00,SUCCESS
coding_plan,chatcompletion-v2(Text API),MiniMax-M2.5-highspeed,0.0000,0.0000,1764622,12368,1776990,2026-02-20 20:00-21:00,SUCCESS
coding_plan,chatcompletion-v2(Text API),MiniMax-M2,0.0000,0.0000,607420,379,607799,2026-02-20 20:00-21:00,SUCCESS
coding_plan,cache-read(Text API),MiniMax-M2.5-highspeed,0.0000,0.0000,9569484,0,9569484,2026-02-20 19:00-20:00,SUCCESS
coding_plan,chatcompletion-v2(Text API),MiniMax-M2.5-highspeed,0.0000,0.0000,1562977,13685,1576662,2026-02-20 19:00-20:00,SUCCESS
coding_plan,chatcompletion-v2(Text API),MiniMax-M2,0.0000,0.0000,1025754,653,1026407,2026-02-20 19:00-20:00,SUCCESS
coding_plan,cache-read(Text API),MiniMax-M2.5-highspeed,0.0000,0.0000,1581549,0,1581549,2026-02-20 18:00-19:00,SUCCESS
coding_plan,chatcompletion-v2(Text API),MiniMax-M2.5-highspeed,0.0000,0.0000,430153,2741,432894,2026-02-20 18:00-19:00,SUCCESS
coding_plan,chatcompletion-v2(Text API),MiniMax-M2,0.0000,0.0000,319955,189,320144,2026-02-20 18:00-19:00,SUCCESS
coding_plan,cache-read(Text API),MiniMax-M2.5-highspeed,0.0000,0.0000,11266,0,11266,2026-02-20 17:00-18:00,SUCCESS
coding_plan,cache-read(Text API),MiniMax-M2.1,0.0000,0.0000,24053,0,24053,2026-02-20 17:00-18:00,SUCCESS
coding_plan,chatcompletion-v2(Text API),MiniMax-M2.5-highspeed,0.0000,0.0000,9958,92,10050,2026-02-20 17:00-18:00,SUCCESS
coding_plan,chatcompletion-v2(Text API),MiniMax-M2,0.0000,0.0000,638498,344,638842,2026-02-20 17:00-18:00,SUCCESS
coding_plan,chatcompletion-v2(Text API),MiniMax-M2.1,0.0000,0.0000,12213,472,12685,2026-02-20 17:00-18:00,SUCCESS
coding_plan,cache-read(Text API),MiniMax-M2.5-highspeed,0.0000,0.0000,11746763,0,11746763,2026-02-20 16:00-17:00,SUCCESS
coding_plan,chatcompletion-v2(Text API),MiniMax-M2.5-highspeed,0.0000,0.0000,1179584,13746,1193330,2026-02-20 16:00-17:00,SUCCESS
coding_plan,chatcompletion-v2(Text API),MiniMax-M2,0.0000,0.0000,620612,564,621176,2026-02-20 16:00-17:00,SUCCESS
coding_plan,chatcompletion-v2(Text API),MiniMax-M2.1,0.0000,0.0000,10713,1440,12153,2026-02-20 16:00-17:00,SUCCESS
coding_plan,cache-read(Text API),MiniMax-M2.5-highspeed,0.0000,0.0000,4937870,0,4937870,2026-02-20 15:00-16:00,SUCCESS
coding_plan,chatcompletion-v2(Text API),MiniMax-M2.5-highspeed,0.0000,0.0000,676675,7258,683933,2026-02-20 15:00-16:00,SUCCESS
coding_plan,chatcompletion-v2(Text API),MiniMax-M2,0.0000,0.0000,968753,760,969513,2026-02-20 15:00-16:00,SUCCESS
coding_plan,chatcompletion-v2(Text API),MiniMax-M2.1,0.0000,0.0000,1131,160,1291,2026-02-20 15:00-16:00,SUCCESS
coding_plan,cache-read(Text API),MiniMax-M2.5-highspeed,0.0000,0.0000,620844,0,620844,2026-02-20 14:00-15:00,SUCCESS
coding_plan,cache-read(Text API),MiniMax-M2.1,0.0000,0.0000,20763,0,20763,2026-02-20 14:00-15:00,SUCCESS
coding_plan,chatcompletion-v2(Text API),MiniMax-M2.5-highspeed,0.0000,0.0000,474674,918,475592,2026-02-20 14:00-15:00,SUCCESS
coding_plan,chatcompletion-v2(Text API),MiniMax-M2.1,0.0000,0.0000,16401,956,17357,2026-02-20 14:00-15:00,SUCCESS
coding_plan,cache-read(Text API),MiniMax-M2.5-highspeed,0.0000,0.0000,3382227,0,3382227,2026-02-20 13:00-14:00,SUCCESS
coding_plan,chatcompletion-v2(Text API),MiniMax-M2.5-highspeed,0.0000,0.0000,2106335,6750,2113085,2026-02-20 13:00-14:00,SUCCESS
coding_plan,chatcompletion-v2(Text API),MiniMax-M2,0.0000,0.0000,3163342,3402,3166744,2026-02-20 13:00-14:00,SUCCESS
coding_plan,chatcompletion-v2(Text API),MiniMax-M2,0.0000,0.0000,323485,198,323683,2026-02-20 12:00-13:00,SUCCESS
coding_plan,cache-read(Text API),MiniMax-M2.5-highspeed,0.0000,0.0000,18652,0,18652,2026-02-20 11:00-12:00,SUCCESS
coding_plan,cache-read(Text API),MiniMax-M2.1,0.0000,0.0000,20889,0,20889,2026-02-20 11:00-12:00,SUCCESS
coding_plan,chatcompletion-v2(Text API),MiniMax-M2.5-highspeed,0.0000,0.0000,15813,251,16064,2026-02-20 11:00-12:00,SUCCESS
coding_plan,chatcompletion-v2(Text API),MiniMax-M2,0.0000,0.0000,1286909,893,1287802,2026-02-20 11:00-12:00,SUCCESS
coding_plan,chatcompletion-v2(Text API),MiniMax-M2.1,0.0000,0.0000,10640,562,11202,2026-02-20 11:00-12:00,SUCCESS
coding_plan,cache-read(Text API),MiniMax-M2.5-highspeed,0.0000,0.0000,11267622,0,11267622,2026-02-20 10:00-11:00,SUCCESS
coding_plan,cache-read(Text API),MiniMax-M2.1,0.0000,0.0000,75626,0,75626,2026-02-20 10:00-11:00,SUCCESS
coding_plan,chatcompletion-v2(Text API),MiniMax-M2.5-highspeed,0.0000,0.0000,2204251,17475,2221726,2026-02-20 10:00-11:00,SUCCESS
coding_plan,chatcompletion-v2(Text API),MiniMax-M2,0.0000,0.0000,2988333,4207,2992540,2026-02-20 10:00-11:00,SUCCESS
coding_plan,chatcompletion-v2(Text API),MiniMax-M2.1,0.0000,0.0000,42942,2456,45398,2026-02-20 10:00-11:00,SUCCESS
coding_plan,cache-read(Text API),MiniMax-M2.5-highspeed,0.0000,0.0000,2786170,0,2786170,2026-02-20 09:00-10:00,SUCCESS
coding_plan,cache-read(Text API),MiniMax-M2.5,0.0000,0.0000,3848761,0,3848761,2026-02-20 09:00-10:00,SUCCESS
coding_plan,chatcompletion-v2(Text API),MiniMax-M2.5-highspeed,0.0000,0.0000,2072545,9479,2082024,2026-02-20 09:00-10:00,SUCCESS
coding_plan,chatcompletion-v2(Text API),MiniMax-M2,0.0000,0.0000,1326752,1705,1328457,2026-02-20 09:00-10:00,SUCCESS
coding_plan,chatcompletion-v2(Text API),MiniMax-M2.5,0.0000,0.0000,403803,8344,412147,2026-02-20 09:00-10:00,SUCCESS
coding_plan,cache-read(Text API),MiniMax-M2.5-highspeed,0.0000,0.0000,8584,0,8584,2026-02-20 08:00-09:00,SUCCESS
coding_plan,cache-read(Text API),MiniMax-M2.5,0.0000,0.0000,4834685,0,4834685,2026-02-20 08:00-09:00,SUCCESS
coding_plan,chatcompletion-v2(Text API),MiniMax-M2.5-highspeed,0.0000,0.0000,7166,168,7334,2026-02-20 08:00-09:00,SUCCESS
coding_plan,chatcompletion-v2(Text API),MiniMax-M2,0.0000,0.0000,382029,829,382858,2026-02-20 08:00-09:00,SUCCESS
coding_plan,chatcompletion-v2(Text API),MiniMax-M2.5,0.0000,0.0000,283990,16860,300850,2026-02-20 08:00-09:00,SUCCESS
coding_plan,cache-read(Text API),MiniMax-M2.5-highspeed,0.0000,0.0000,24745,0,24745,2026-02-20 07:00-08:00,SUCCESS
coding_plan,chatcompletion-v2(Text API),MiniMax-M2.5-highspeed,0.0000,0.0000,8311,247,8558,2026-02-20 07:00-08:00,SUCCESS
coding_plan,chatcompletion-v2(Text API),MiniMax-M2,0.0000,0.0000,60414,393,60807,2026-02-20 07:00-08:00,SUCCESS
coding_plan,chatcompletion-v2(Text API),MiniMax-M2,0.0000,0.0000,45677,971,46648,2026-02-20 06:00-07:00,SUCCESS
coding_plan,cache-read(Text API),MiniMax-M2.5-highspeed,0.0000,0.0000,8933,0,8933,2026-02-20 05:00-06:00,SUCCESS
coding_plan,cache-read(Text API),MiniMax-M2.1,0.0000,0.0000,24222,0,24222,2026-02-20 05:00-06:00,SUCCESS
coding_plan,chatcompletion-v2(Text API),MiniMax-M2.5-highspeed,0.0000,0.0000,7625,107,7732,2026-02-20 05:00-06:00,SUCCESS
coding_plan,chatcompletion-v2(Text API),MiniMax-M2,0.0000,0.0000,143480,3421,146901,2026-02-20 05:00-06:00,SUCCESS
coding_plan,chatcompletion-v2(Text API),MiniMax-M2.1,0.0000,0.0000,9124,691,9815,2026-02-20 05:00-06:00,SUCCESS
coding_plan,cache-read(Text API),MiniMax-M2.1,0.0000,0.0000,17442,0,17442,2026-02-20 04:00-05:00,SUCCESS
coding_plan,chatcompletion-v2(Text API),MiniMax-M2,0.0000,0.0000,14316,479,14795,2026-02-20 04:00-05:00,SUCCESS
coding_plan,chatcompletion-v2(Text API),MiniMax-M2.1,0.0000,0.0000,8395,794,9189,2026-02-20 04:00-05:00,SUCCESS
coding_plan,cache-read(Text API),MiniMax-M2.5-highspeed,0.0000,0.0000,8550,0,8550,2026-02-20 03:00-04:00,SUCCESS
coding_plan,chatcompletion-v2(Text API),MiniMax-M2.5-highspeed,0.0000,0.0000,7242,140,7382,2026-02-20 03:00-04:00,SUCCESS
coding_plan,chatcompletion-v2(Text API),MiniMax-M2,0.0000,0.0000,13684,316,14000,2026-02-20 03:00-04:00,SUCCESS
coding_plan,cache-read(Text API),MiniMax-M2.5-highspeed,0.0000,0.0000,90556,0,90556,2026-02-20 02:00-03:00,SUCCESS
coding_plan,cache-read(Text API),MiniMax-M2.1,0.0000,0.0000,115475,0,115475,2026-02-20 02:00-03:00,SUCCESS
coding_plan,chatcompletion-v2(Text API),MiniMax-M2.5-highspeed,0.0000,0.0000,12246,1962,14208,2026-02-20 02:00-03:00,SUCCESS
coding_plan,chatcompletion-v2(Text API),MiniMax-M2,0.0000,0.0000,73992,511,74503,2026-02-20 02:00-03:00,SUCCESS
coding_plan,chatcompletion-v2(Text API),MiniMax-M2.1,0.0000,0.0000,27361,5179,32540,2026-02-20 02:00-03:00,SUCCESS
coding_plan,cache-read(Text API),MiniMax-M2.5-highspeed,0.0000,0.0000,9741,0,9741,2026-02-20 01:00-02:00,SUCCESS
coding_plan,cache-read(Text API),MiniMax-M2.1,0.0000,0.0000,25419,0,25419,2026-02-20 01:00-02:00,SUCCESS
coding_plan,cache-read(Text API),MiniMax-M2.5,0.0000,0.0000,476652,0,476652,2026-02-20 01:00-02:00,SUCCESS
coding_plan,chatcompletion-v2(Text API),MiniMax-M2.5-highspeed,0.0000,0.0000,8266,88,8354,2026-02-20 01:00-02:00,SUCCESS
coding_plan,chatcompletion-v2(Text API),MiniMax-M2,0.0000,0.0000,15539,302,15841,2026-02-20 01:00-02:00,SUCCESS
coding_plan,chatcompletion-v2(Text API),MiniMax-M2.1,0.0000,0.0000,8378,585,8963,2026-02-20 01:00-02:00,SUCCESS
coding_plan,chatcompletion-v2(Text API),MiniMax-M2.5,0.0000,0.0000,51586,4399,55985,2026-02-20 01:00-02:00,SUCCESS
coding_plan,cache-read(Text API),MiniMax-M2.1,0.0000,0.0000,38291,0,38291,2026-02-20 00:00-01:00,SUCCESS
coding_plan,cache-read(Text API),MiniMax-M2.5,0.0000,0.0000,11775049,0,11775049,2026-02-20 00:00-01:00,SUCCESS
coding_plan,chatcompletion-v2(Text API),MiniMax-M2,0.0000,0.0000,2873262,3871,2877133,2026-02-20 00:00-01:00,SUCCESS
coding_plan,chatcompletion-v2(Text API),MiniMax-M2.1,0.0000,0.0000,5910,1529,7439,2026-02-20 00:00-01:00,SUCCESS
coding_plan,chatcompletion-v2(Text API),MiniMax-M2.5,0.0000,0.0000,3394185,18875,3413060,2026-02-20 00:00-01:00,SUCCESS
coding_plan,cache-read(Text API),MiniMax-M2.5-highspeed,0.0000,0.0000,9024,0,9024,2026-02-19 23:00-24:00,SUCCESS
coding_plan,cache-read(Text API),MiniMax-M2.1,0.0000,0.0000,218052,0,218052,2026-02-19 23:00-24:00,SUCCESS
coding_plan,cache-read(Text API),MiniMax-M2.5,0.0000,0.0000,2052400,0,2052400,2026-02-19 23:00-24:00,SUCCESS
coding_plan,chatcompletion-v2(Text API),MiniMax-M2.5-highspeed,0.0000,0.0000,8557,95,8652,2026-02-19 23:00-24:00,SUCCESS
coding_plan,chatcompletion-v2(Text API),MiniMax-M2,0.0000,0.0000,1444711,2688,1447399,2026-02-19 23:00-24:00,SUCCESS
coding_plan,chatcompletion-v2(Text API),MiniMax-M2.1,0.0000,0.0000,34779,5063,39842,2026-02-19 23:00-24:00,SUCCESS
coding_plan,chatcompletion-v2(Text API),MiniMax-M2.5,0.0000,0.0000,522637,4047,526684,2026-02-19 23:00-24:00,SUCCESS
coding_plan,cache-read(Text API),MiniMax-M2.5-highspeed,0.0000,0.0000,5794359,0,5794359,2026-02-19 22:00-23:00,SUCCESS
coding_plan,cache-read(Text API),MiniMax-M2.5,0.0000,0.0000,8402564,0,8402564,2026-02-19 22:00-23:00,SUCCESS
coding_plan,chatcompletion-v2(Text API),MiniMax-M2.5-highspeed,0.0000,0.0000,119403,6449,125852,2026-02-19 22:00-23:00,SUCCESS
coding_plan,chatcompletion-v2(Text API),MiniMax-M2,0.0000,0.0000,1434022,3405,1437427,2026-02-19 22:00-23:00,SUCCESS
coding_plan,chatcompletion-v2(Text API),MiniMax-M2.5,0.0000,0.0000,741517,10632,752149,2026-02-19 22:00-23:00,SUCCESS
coding_plan,cache-read(Text API),MiniMax-M2.5,0.0000,0.0000,9133215,0,9133215,2026-02-19 21:00-22:00,SUCCESS
coding_plan,chatcompletion-v2(Text API),MiniMax-M2,0.0000,0.0000,17364,162,17526,2026-02-19 21:00-22:00,SUCCESS
coding_plan,chatcompletion-v2(Text API),MiniMax-M2.5,0.0000,0.0000,741734,23333,765067,2026-02-19 21:00-22:00,SUCCESS
coding_plan,chatcompletion-v2(Text API),MiniMax-M2,0.0000,0.0000,176833,2321,179154,2026-02-19 20:00-21:00,SUCCESS
coding_plan,cache-read(Text API),MiniMax-M2.5,0.0000,0.0000,101135,0,101135,2026-02-19 19:00-20:00,SUCCESS
coding_plan,chatcompletion-v2(Text API),MiniMax-M2,0.0000,0.0000,63222,2371,65593,2026-02-19 19:00-20:00,SUCCESS
coding_plan,chatcompletion-v2(Text API),MiniMax-M2.1,0.0000,0.0000,205,200,405,2026-02-19 19:00-20:00,SUCCESS
coding_plan,chatcompletion-v2(Text API),MiniMax-M2.5,0.0000,0.0000,38058,1200,39258,2026-02-19 19:00-20:00,SUCCESS
coding_plan,cache-read(Text API),MiniMax-M2.5,0.0000,0.0000,1023,0,1023,2026-02-19 18:00-19:00,SUCCESS
coding_plan,chatcompletion-v2(Text API),MiniMax-M2,0.0000,0.0000,106855,933,107788,2026-02-19 18:00-19:00,SUCCESS
coding_plan,chatcompletion-v2(Text API),MiniMax-M2.5,0.0000,0.0000,13696,239,13935,2026-02-19 18:00-19:00,SUCCESS
coding_plan,cache-read(Text API),MiniMax-M2.5-highspeed,0.0000,0.0000,1851668,0,1851668,2026-02-19 17:00-18:00,SUCCESS
coding_plan,cache-read(Text API),MiniMax-M2.1,0.0000,0.0000,139421,0,139421,2026-02-19 17:00-18:00,SUCCESS
coding_plan,cache-read(Text API),MiniMax-M2.5,0.0000,0.0000,10149,0,10149,2026-02-19 17:00-18:00,SUCCESS
coding_plan,chatcompletion-v2(Text API),MiniMax-M2.5-highspeed,0.0000,0.0000,1286389,2211,1288600,2026-02-19 17:00-18:00,SUCCESS
coding_plan,chatcompletion-v2(Text API),MiniMax-M2,0.0000,0.0000,186237,55,186292,2026-02-19 17:00-18:00,SUCCESS
coding_plan,chatcompletion-v2(Text API),MiniMax-M2.1,0.0000,0.0000,25478,1498,26976,2026-02-19 17:00-18:00,SUCCESS
coding_plan,chatcompletion-v2(Text API),MiniMax-M2.5,0.0000,0.0000,8512,84,8596,2026-02-19 17:00-18:00,SUCCESS
coding_plan,cache-read(Text API),MiniMax-M2.5-highspeed,0.0000,0.0000,2372570,0,2372570,2026-02-19 16:00-17:00,SUCCESS
coding_plan,chatcompletion-v2(Text API),MiniMax-M2.5-highspeed,0.0000,0.0000,3765878,4977,3770855,2026-02-19 16:00-17:00,SUCCESS
coding_plan,chatcompletion-v2(Text API),MiniMax-M2,0.0000,0.0000,1990926,1284,1992210,2026-02-19 16:00-17:00,SUCCESS
coding_plan,cache-read(Text API),MiniMax-M2.5-highspeed,0.0000,0.0000,4290402,0,4290402,2026-02-19 15:00-16:00,SUCCESS
coding_plan,cache-read(Text API),MiniMax-M2.5,0.0000,0.0000,9969,0,9969,2026-02-19 15:00-16:00,SUCCESS
coding_plan,chatcompletion-v2(Text API),MiniMax-M2.5-highspeed,0.0000,0.0000,2580719,7456,2588175,2026-02-19 15:00-16:00,SUCCESS
coding_plan,chatcompletion-v2(Text API),MiniMax-M2,0.0000,0.0000,1782710,956,1783666,2026-02-19 15:00-16:00,SUCCESS
coding_plan,chatcompletion-v2(Text API),MiniMax-M2.1,0.0000,0.0000,292,355,647,2026-02-19 15:00-16:00,SUCCESS
coding_plan,chatcompletion-v2(Text API),MiniMax-M2.5,0.0000,0.0000,8266,115,8381,2026-02-19 15:00-16:00,SUCCESS
coding_plan,cache-read(Text API),MiniMax-M2.5-highspeed,0.0000,0.0000,2500359,0,2500359,2026-02-19 14:00-15:00,SUCCESS
coding_plan,cache-read(Text API),MiniMax-M2.1,0.0000,0.0000,104641,0,104641,2026-02-19 14:00-15:00,SUCCESS
coding_plan,cache-read(Text API),MiniMax-M2.5,0.0000,0.0000,3045007,0,3045007,2026-02-19 14:00-15:00,SUCCESS
coding_plan,chatcompletion-v2(Text API),MiniMax-M2.5-highspeed,0.0000,0.0000,2081453,4335,2085788,2026-02-19 14:00-15:00,SUCCESS
coding_plan,chatcompletion-v2(Text API),MiniMax-M2.1,0.0000,0.0000,67804,4681,72485,2026-02-19 14:00-15:00,SUCCESS
coding_plan,chatcompletion-v2(Text API),MiniMax-M2.5,0.0000,0.0000,1200441,8249,1208690,2026-02-19 14:00-15:00,SUCCESS
coding_plan,cache-read(Text API),MiniMax-M2.5,0.0000,0.0000,8154932,0,8154932,2026-02-19 13:00-14:00,SUCCESS
coding_plan,chatcompletion-v2(Text API),MiniMax-M2,0.0000,0.0000,1658542,1288,1659830,2026-02-19 13:00-14:00,SUCCESS
coding_plan,chatcompletion-v2(Text API),MiniMax-M2.1,0.0000,0.0000,16663,3383,20046,2026-02-19 13:00-14:00,SUCCESS
coding_plan,chatcompletion-v2(Text API),MiniMax-M2.5,0.0000,0.0000,3429813,12799,3442612,2026-02-19 13:00-14:00,SUCCESS
coding_plan,cache-read(Text API),MiniMax-M2.5,0.0000,0.0000,6953742,0,6953742,2026-02-19 12:00-13:00,SUCCESS
coding_plan,chatcompletion-v2(Text API),MiniMax-M2,0.0000,0.0000,1281558,1023,1282581,2026-02-19 12:00-13:00,SUCCESS
coding_plan,chatcompletion-v2(Text API),MiniMax-M2.1,0.0000,0.0000,310,400,710,2026-02-19 12:00-13:00,SUCCESS
coding_plan,chatcompletion-v2(Text API),MiniMax-M2.5,0.0000,0.0000,3440215,16688,3456903,2026-02-19 12:00-13:00,SUCCESS
coding_plan,cache-read(Text API),MiniMax-M2.1,0.0000,0.0000,212972,0,212972,2026-02-19 11:00-12:00,SUCCESS
coding_plan,cache-read(Text API),MiniMax-M2.5,0.0000,0.0000,6294828,0,6294828,2026-02-19 11:00-12:00,SUCCESS
coding_plan,chatcompletion-v2(Text API),MiniMax-M2,0.0000,0.0000,1455417,2264,1457681,2026-02-19 11:00-12:00,SUCCESS
coding_plan,chatcompletion-v2(Text API),MiniMax-M2.1,0.0000,0.0000,14724,1849,16573,2026-02-19 11:00-12:00,SUCCESS
coding_plan,chatcompletion-v2(Text API),MiniMax-M2.5,0.0000,0.0000,727607,11213,738820,2026-02-19 11:00-12:00,SUCCESS
coding_plan,cache-read(Text API),MiniMax-M2.1,0.0000,0.0000,54867,0,54867,2026-02-19 10:00-11:00,SUCCESS
coding_plan,cache-read(Text API),MiniMax-M2.5,0.0000,0.0000,317978,0,317978,2026-02-19 10:00-11:00,SUCCESS
coding_plan,chatcompletion-v2(Text API),MiniMax-M2,0.0000,0.0000,89988,194,90182,2026-02-19 10:00-11:00,SUCCESS
coding_plan,chatcompletion-v2(Text API),MiniMax-M2.1,0.0000,0.0000,22143,1934,24077,2026-02-19 10:00-11:00,SUCCESS
coding_plan,chatcompletion-v2(Text API),MiniMax-M2.5,0.0000,0.0000,78713,407,79120,2026-02-19 10:00-11:00,SUCCESS
coding_plan,cache-read(Text API),MiniMax-M2.5,0.0000,0.0000,4836368,0,4836368,2026-02-19 09:00-10:00,SUCCESS
coding_plan,chatcompletion-v2(Text API),MiniMax-M2,0.0000,0.0000,948384,1372,949756,2026-02-19 09:00-10:00,SUCCESS
coding_plan,chatcompletion-v2(Text API),MiniMax-M2.5,0.0000,0.0000,363340,12794,376134,2026-02-19 09:00-10:00,SUCCESS
coding_plan,cache-read(Text API),MiniMax-M2.5,0.0000,0.0000,4199836,0,4199836,2026-02-19 08:00-09:00,SUCCESS
coding_plan,chatcompletion-v2(Text API),MiniMax-M2,0.0000,0.0000,175303,719,176022,2026-02-19 08:00-09:00,SUCCESS
coding_plan,chatcompletion-v2(Text API),MiniMax-M2.5,0.0000,0.0000,552689,20552,573241,2026-02-19 08:00-09:00,SUCCESS
coding_plan,chatcompletion-v2(Text API),MiniMax-M2,0.0000,0.0000,47980,855,48835,2026-02-19 07:00-08:00,SUCCESS
coding_plan,chatcompletion-v2(Text API),MiniMax-M2,0.0000,0.0000,48176,1417,49593,2026-02-19 06:00-07:00,SUCCESS
coding_plan,cache-read(Text API),MiniMax-M2.1,0.0000,0.0000,38535,0,38535,2026-02-19 05:00-06:00,SUCCESS
coding_plan,cache-read(Text API),MiniMax-M2.5,0.0000,0.0000,16464,0,16464,2026-02-19 05:00-06:00,SUCCESS
coding_plan,chatcompletion-v2(Text API),MiniMax-M2,0.0000,0.0000,61418,1120,62538,2026-02-19 05:00-06:00,SUCCESS
coding_plan,chatcompletion-v2(Text API),MiniMax-M2.1,0.0000,0.0000,18321,854,19175,2026-02-19 05:00-06:00,SUCCESS
coding_plan,chatcompletion-v2(Text API),MiniMax-M2.5,0.0000,0.0000,14665,450,15115,2026-02-19 05:00-06:00,SUCCESS
coding_plan,chatcompletion-v2(Text API),MiniMax-M2,0.0000,0.0000,29634,493,30127,2026-02-19 04:00-05:00,SUCCESS
coding_plan,chatcompletion-v2(Text API),MiniMax-M2,0.0000,0.0000,28658,795,29453,2026-02-19 03:00-04:00,SUCCESS
coding_plan,cache-read(Text API),MiniMax-M2.5-highspeed,0.0000,0.0000,133182,0,133182,2026-02-19 02:00-03:00,SUCCESS
coding_plan,cache-read(Text API),MiniMax-M2.1,0.0000,0.0000,9967,0,9967,2026-02-19 02:00-03:00,SUCCESS
coding_plan,chatcompletion-v2(Text API),MiniMax-M2.5-highspeed,0.0000,0.0000,131273,171,131444,2026-02-19 02:00-03:00,SUCCESS
coding_plan,chatcompletion-v2(Text API),MiniMax-M2,0.0000,0.0000,868538,924,869462,2026-02-19 02:00-03:00,SUCCESS
coding_plan,chatcompletion-v2(Text API),MiniMax-M2.1,0.0000,0.0000,8308,122,8430,2026-02-19 02:00-03:00,SUCCESS
coding_plan,cache-read(Text API),MiniMax-M2.5-highspeed,0.0000,0.0000,132647,0,132647,2026-02-19 01:00-02:00,SUCCESS
coding_plan,cache-read(Text API),MiniMax-M2.1,0.0000,0.0000,19861,0,19861,2026-02-19 01:00-02:00,SUCCESS
coding_plan,chatcompletion-v2(Text API),MiniMax-M2.5-highspeed,0.0000,0.0000,130751,351,131102,2026-02-19 01:00-02:00,SUCCESS
coding_plan,chatcompletion-v2(Text API),MiniMax-M2.1,0.0000,0.0000,9143,457,9600,2026-02-19 01:00-02:00,SUCCESS
coding_plan,cache-read(Text API),MiniMax-M2.5-highspeed,0.0000,0.0000,918595,0,918595,2026-02-19 00:00-01:00,SUCCESS
coding_plan,chatcompletion-v2(Text API),MiniMax-M2.5-highspeed,0.0000,0.0000,130724,1393,132117,2026-02-19 00:00-01:00,SUCCESS
coding_plan,cache-read(Text API),MiniMax-M2.5-highspeed,0.0000,0.0000,4320428,0,4320428,2026-02-18 23:00-24:00,SUCCESS
coding_plan,chatcompletion-v2(Text API),MiniMax-M2.5-highspeed,0.0000,0.0000,1292044,9418,1301462,2026-02-18 23:00-24:00,SUCCESS
coding_plan,chatcompletion-v2(Text API),MiniMax-M2,0.0000,0.0000,1032781,1245,1034026,2026-02-18 23:00-24:00,SUCCESS
coding_plan,cache-read(Text API),MiniMax-M2.5-highspeed,0.0000,0.0000,4259347,0,4259347,2026-02-18 22:00-23:00,SUCCESS
coding_plan,chatcompletion-v2(Text API),MiniMax-M2.5-highspeed,0.0000,0.0000,945562,10450,956012,2026-02-18 22:00-23:00,SUCCESS
coding_plan,chatcompletion-v2(Text API),MiniMax-M2,0.0000,0.0000,842544,2352,844896,2026-02-18 22:00-23:00,SUCCESS
coding_plan,cache-read(Text API),MiniMax-M2.5-highspeed,0.0000,0.0000,3003329,0,3003329,2026-02-18 21:00-22:00,SUCCESS
coding_plan,chatcompletion-v2(Text API),MiniMax-M2.5-highspeed,0.0000,0.0000,312952,7228,320180,2026-02-18 21:00-22:00,SUCCESS
coding_plan,chatcompletion-v2(Text API),MiniMax-M2,0.0000,0.0000,554562,599,555161,2026-02-18 21:00-22:00,SUCCESS
coding_plan,cache-read(Text API),MiniMax-M2.5-highspeed,0.0000,0.0000,3749182,0,3749182,2026-02-18 20:00-21:00,SUCCESS
coding_plan,chatcompletion-v2(Text API),MiniMax-M2.5-highspeed,0.0000,0.0000,229317,23731,253048,2026-02-18 20:00-21:00,SUCCESS
coding_plan,chatcompletion-v2(Text API),MiniMax-M2,0.0000,0.0000,554950,940,555890,2026-02-18 20:00-21:00,SUCCESS
coding_plan,cache-read(Text API),MiniMax-M2.5-highspeed,0.0000,0.0000,619359,0,619359,2026-02-18 19:00-20:00,SUCCESS
coding_plan,chatcompletion-v2(Text API),MiniMax-M2.5-highspeed,0.0000,0.0000,151661,9637,161298,2026-02-18 19:00-20:00,SUCCESS
metamaus,code_plan_purchase,subscribe,0.0000,0.0000,<nil>,<nil>,0,2026-02-18 17:00-18:00,SUCCESS
metamaus,code_plan_purchase,subscribe,0.0000,0.0000,<nil>,<nil>,0,2026-02-17 23:00-24:00,SUCCESS
